symbol,simulation_day,simulation_time,open,high,low,close,volume
ICICIBANK,1,09:15:00,1495.00,1496.77,1488.35,1489.81,3368
ICICIBANK,1,09:15:10,1489.81,1494.83,1487.31,1493.84,3245
ICICIBANK,1,09:15:20,1493.84,1495.76,1492.67,1493.03,848
ICICIBANK,1,09:15:30,1493.03,1493.21,1486.47,1487.39,3283
ICICIBANK,1,09:15:40,1487.39,1494.32,1485.20,1491.87,3877
ICICIBANK,1,09:15:50,1491.87,1492.78,1491.18,1491.82,876
ICICIBANK,1,09:16:00,1491.82,1496.52,1490.64,1495.27,4798
ICICIBANK,1,09:16:10,1495.27,1497.32,1495.15,1496.46,3267
ICICIBANK,1,09:16:20,1496.46,1498.80,1493.09,1494.96,2671
ICICIBANK,1,09:16:30,1494.96,1495.32,1492.44,1494.05,3615
ICICIBANK,1,09:16:40,1494.05,1500.75,1491.78,1498.89,1028
ICICIBANK,1,09:16:50,1498.89,1500.62,1491.91,1493.58,4580
ICICIBANK,1,09:17:00,1493.58,1495.36,1491.31,1493.38,4857
ICICIBANK,1,09:17:10,1493.38,1495.13,1489.22,1490.28,2833
ICICIBANK,1,09:17:20,1490.28,1490.52,1483.89,1485.55,903
ICICIBANK,1,09:17:30,1485.55,1489.97,1485.23,1488.51,1519
ICICIBANK,1,09:17:40,1488.51,1489.18,1485.93,1487.13,2253
ICICIBANK,1,09:17:50,1487.13,1487.85,1486.54,1486.98,4919
ICICIBANK,1,09:18:00,1486.98,1491.19,1486.48,1489.52,1828
ICICIBANK,1,09:18:10,1489.52,1494.53,1488.30,1492.65,4913
ICICIBANK,1,09:18:20,1492.65,1492.87,1489.82,1490.71,1227
ICICIBANK,1,09:18:30,1490.71,1492.92,1488.48,1489.78,4962
ICICIBANK,1,09:18:40,1489.78,1490.68,1483.45,1484.63,3463
ICICIBANK,1,09:18:50,1484.63,1485.66,1481.96,1483.00,4251
ICICIBANK,1,09:19:00,1483.00,1485.47,1479.75,1481.98,1153
ICICIBANK,1,09:19:10,1481.98,1483.82,1480.11,1482.77,3978
ICICIBANK,1,09:19:20,1482.77,1484.36,1478.92,1479.78,3835
ICICIBANK,1,09:19:30,1479.78,1481.52,1477.25,1477.54,1387
ICICIBANK,1,09:19:40,1477.54,1479.01,1473.13,1474.17,2339
ICICIBANK,1,09:19:50,1474.17,1474.82,1469.49,1470.42,1411
ICICIBANK,1,09:20:00,1470.42,1471.48,1468.90,1470.55,1351
ICICIBANK,1,09:20:10,1470.55,1471.87,1470.18,1471.67,4319
ICICIBANK,1,09:20:20,1471.67,1477.64,1469.82,1476.51,3355
ICICIBANK,1,09:20:30,1476.51,1479.11,1474.32,1477.21,4782
ICICIBANK,1,09:20:40,1477.21,1479.16,1475.78,1477.85,4957
ICICIBANK,1,09:20:50,1477.85,1481.85,1476.00,1479.38,1498
ICICIBANK,1,09:21:00,1479.38,1482.56,1479.23,1480.24,2127
ICICIBANK,1,09:21:10,1480.24,1480.36,1478.40,1480.17,3984
ICICIBANK,1,09:21:20,1480.17,1483.10,1479.72,1481.02,3647
ICICIBANK,1,09:21:30,1481.02,1486.62,1479.97,1484.79,1890
ICICIBANK,1,09:21:40,1484.79,1487.14,1481.27,1481.61,3106
ICICIBANK,1,09:21:50,1481.61,1483.90,1478.56,1480.47,1706
ICICIBANK,1,09:22:00,1480.47,1480.98,1480.06,1480.33,1541
ICICIBANK,1,09:22:10,1480.33,1482.43,1479.26,1481.17,4623
ICICIBANK,1,09:22:20,1481.17,1488.76,1479.08,1487.13,3772
ICICIBANK,1,09:22:30,1487.13,1489.70,1486.16,1489.14,4241
ICICIBANK,1,09:22:40,1489.14,1493.03,1489.11,1492.59,2344
ICICIBANK,1,09:22:50,1492.59,1493.77,1489.17,1490.77,3690
ICICIBANK,1,09:23:00,1490.77,1491.71,1489.11,1490.66,3170
ICICIBANK,1,09:23:10,1490.66,1492.18,1485.88,1486.65,1331
ICICIBANK,1,09:23:20,1486.65,1487.40,1480.65,1480.67,1089
ICICIBANK,1,09:23:30,1480.67,1482.54,1476.11,1477.28,951
ICICIBANK,1,09:23:40,1477.28,1477.60,1471.98,1473.90,2226
ICICIBANK,1,09:23:50,1473.90,1477.17,1472.16,1476.41,3920
ICICIBANK,1,09:24:00,1476.41,1478.39,1472.57,1472.89,2678
ICICIBANK,1,09:24:10,1472.89,1478.43,1472.69,1476.34,2039
ICICIBANK,1,09:24:20,1476.34,1476.94,1468.05,1470.49,827
ICICIBANK,1,09:24:30,1470.49,1473.81,1468.43,1472.73,3499
ICICIBANK,1,09:24:40,1472.73,1475.26,1470.32,1472.80,1349
ICICIBANK,1,09:24:50,1472.80,1474.05,1471.18,1473.55,1324
ICICIBANK,1,09:25:00,1473.55,1476.30,1471.22,1476.07,4916
ICICIBANK,1,09:25:10,1476.07,1480.38,1474.08,1479.21,1045
ICICIBANK,1,09:25:20,1479.21,1483.45,1478.23,1482.93,3953
ICICIBANK,1,09:25:30,1482.93,1483.91,1479.85,1481.65,3288
ICICIBANK,1,09:25:40,1481.65,1482.91,1479.78,1481.41,2097
ICICIBANK,1,09:25:50,1481.41,1483.53,1478.92,1480.38,3092
ICICIBANK,1,09:26:00,1480.38,1480.86,1475.97,1478.41,4825
ICICIBANK,1,09:26:10,1478.41,1481.54,1476.74,1479.75,3078
ICICIBANK,1,09:26:20,1479.75,1485.68,1479.18,1485.60,3759
ICICIBANK,1,09:26:30,1485.60,1487.18,1481.73,1482.23,1681
ICICIBANK,1,09:26:40,1482.23,1484.54,1481.60,1484.15,3609
ICICIBANK,1,09:26:50,1484.15,1485.87,1477.28,1479.66,3503
ICICIBANK,2,09:15:00,1491.58,1497.00,1490.73,1495.55,2844
ICICIBANK,2,09:15:10,1495.55,1496.55,1489.06,1490.20,1304
ICICIBANK,2,09:15:20,1490.20,1490.37,1487.92,1489.67,4060
ICICIBANK,2,09:15:30,1489.67,1490.38,1485.50,1487.63,3192
ICICIBANK,2,09:15:40,1487.63,1492.69,1486.38,1491.18,2110
ICICIBANK,2,09:15:50,1491.18,1496.27,1489.91,1494.77,4958
ICICIBANK,2,09:16:00,1494.77,1495.23,1494.76,1494.80,1404
ICICIBANK,2,09:16:10,1494.80,1495.49,1491.57,1492.74,4868
ICICIBANK,2,09:16:20,1492.74,1494.17,1491.09,1491.70,1495
ICICIBANK,2,09:16:30,1491.70,1492.58,1489.57,1490.60,3637
ICICIBANK,2,09:16:40,1490.60,1492.86,1485.84,1486.25,1896
ICICIBANK,2,09:16:50,1486.25,1490.70,1485.29,1488.69,3485
ICICIBANK,2,09:17:00,1488.69,1492.34,1487.28,1490.57,994
ICICIBANK,2,09:17:10,1490.57,1497.63,1489.16,1495.24,2958
ICICIBANK,2,09:17:20,1495.24,1496.95,1493.56,1496.21,2897
ICICIBANK,2,09:17:30,1496.21,1499.89,1495.01,1499.09,4152
ICICIBANK,2,09:17:40,1499.09,1503.64,1496.89,1503.45,4379
ICICIBANK,2,09:17:50,1503.45,1504.30,1499.63,1501.57,1078
ICICIBANK,2,09:18:00,1501.57,1505.51,1501.35,1504.06,3810
ICICIBANK,2,09:18:10,1504.06,1506.99,1502.19,1505.19,2336
ICICIBANK,2,09:18:20,1505.19,1505.71,1499.15,1500.89,3786
ICICIBANK,2,09:18:30,1500.89,1508.29,1499.00,1506.40,3942
ICICIBANK,2,09:18:40,1506.40,1512.39,1504.95,1510.08,3132
ICICIBANK,2,09:18:50,1510.08,1511.68,1505.05,1505.13,3936
ICICIBANK,2,09:19:00,1505.13,1507.07,1498.72,1500.40,4156
ICICIBANK,2,09:19:10,1500.40,1501.73,1493.48,1494.81,4390
ICICIBANK,2,09:19:20,1494.81,1496.48,1490.37,1490.44,2630
ICICIBANK,2,09:19:30,1490.44,1497.34,1489.07,1495.56,1620
ICICIBANK,2,09:19:40,1495.56,1501.28,1493.66,1500.88,4297
ICICIBANK,2,09:19:50,1500.88,1502.07,1497.19,1499.63,4428
ICICIBANK,2,09:20:00,1499.63,1499.68,1493.98,1495.60,2631
ICICIBANK,2,09:20:10,1495.60,1496.23,1492.58,1493.14,3874
ICICIBANK,2,09:20:20,1493.14,1494.35,1490.33,1491.48,1624
ICICIBANK,2,09:20:30,1491.48,1494.18,1490.61,1492.43,3470
ICICIBANK,2,09:20:40,1492.43,1493.15,1490.16,1492.32,2387
ICICIBANK,2,09:20:50,1492.32,1494.61,1492.23,1493.39,2935
ICICIBANK,2,09:21:00,1493.39,1494.51,1490.58,1492.08,1421
ICICIBANK,2,09:21:10,1492.08,1493.89,1490.77,1490.79,3599
ICICIBANK,2,09:21:20,1490.79,1491.85,1486.66,1488.04,4856
ICICIBANK,2,09:21:30,1488.04,1491.59,1486.38,1490.99,3698
ICICIBANK,2,09:21:40,1490.99,1492.46,1489.66,1491.20,1276
ICICIBANK,2,09:21:50,1491.20,1496.22,1488.75,1495.40,1919
ICICIBANK,2,09:22:00,1495.40,1503.01,1494.34,1501.01,4237
ICICIBANK,2,09:22:10,1501.01,1501.69,1495.30,1496.54,4964
ICICIBANK,2,09:22:20,1496.54,1502.99,1495.13,1501.28,1223
ICICIBANK,2,09:22:30,1501.28,1503.40,1497.00,1498.95,3962
ICICIBANK,2,09:22:40,1498.95,1499.74,1492.45,1494.41,906
ICICIBANK,2,09:22:50,1494.41,1494.59,1487.45,1488.90,1255
ICICIBANK,2,09:23:00,1488.90,1496.81,1487.78,1494.50,4948
ICICIBANK,2,09:23:10,1494.50,1500.40,1493.40,1499.76,2698
ICICIBANK,2,09:23:20,1499.76,1503.15,1499.05,1501.33,4092
ICICIBANK,2,09:23:30,1501.33,1504.95,1499.89,1504.37,1065
ICICIBANK,2,09:23:40,1504.37,1505.71,1503.84,1505.02,3404
ICICIBANK,2,09:23:50,1505.02,1511.32,1504.85,1510.37,2594
ICICIBANK,2,09:24:00,1510.37,1510.88,1506.06,1506.10,3206
ICICIBANK,2,09:24:10,1506.10,1507.75,1500.01,1501.61,2234
ICICIBANK,2,09:24:20,1501.61,1501.78,1499.69,1499.91,1142
ICICIBANK,2,09:24:30,1499.91,1500.79,1495.51,1496.26,917
ICICIBANK,2,09:24:40,1496.26,1497.61,1494.82,1497.20,1316
ICICIBANK,2,09:24:50,1497.20,1501.89,1496.08,1501.11,1097
ICICIBANK,2,09:25:00,1501.11,1504.42,1499.18,1503.85,2822
ICICIBANK,2,09:25:10,1503.85,1506.32,1502.15,1504.54,4635
ICICIBANK,2,09:25:20,1504.54,1505.62,1500.73,1503.21,3972
ICICIBANK,2,09:25:30,1503.21,1509.30,1501.91,1507.19,3422
ICICIBANK,2,09:25:40,1507.19,1514.04,1504.96,1511.95,3337
ICICIBANK,2,09:25:50,1511.95,1512.48,1504.62,1506.15,4653
ICICIBANK,2,09:26:00,1506.15,1508.08,1505.43,1506.75,2392
ICICIBANK,2,09:26:10,1506.75,1507.00,1500.51,1501.00,2756
ICICIBANK,2,09:26:20,1501.00,1502.90,1495.28,1496.94,4467
ICICIBANK,2,09:26:30,1496.94,1499.86,1495.06,1499.41,2785
ICICIBANK,2,09:26:40,1499.41,1501.72,1498.23,1499.52,3652
ICICIBANK,2,09:26:50,1499.52,1506.12,1498.15,1504.72,1760
ICICIBANK,3,09:15:00,1472.80,1476.96,1470.77,1476.70,4972
ICICIBANK,3,09:15:10,1476.70,1477.55,1473.60,1475.68,4125
ICICIBANK,3,09:15:20,1475.68,1481.02,1474.19,1479.78,1904
ICICIBANK,3,09:15:30,1479.78,1485.13,1479.63,1482.94,2078
ICICIBANK,3,09:15:40,1482.94,1485.77,1481.83,1483.31,4386
ICICIBANK,3,09:15:50,1483.31,1484.20,1478.99,1480.55,2321
ICICIBANK,3,09:16:00,1480.55,1482.64,1476.88,1477.41,906
ICICIBANK,3,09:16:10,1477.41,1478.63,1474.74,1475.94,2190
ICICIBANK,3,09:16:20,1475.94,1477.43,1471.48,1473.14,2233
ICICIBANK,3,09:16:30,1473.14,1473.99,1469.47,1471.67,1325
ICICIBANK,3,09:16:40,1471.67,1472.69,1466.51,1467.95,4193
ICICIBANK,3,09:16:50,1467.95,1468.59,1466.76,1467.67,3332
ICICIBANK,3,09:17:00,1467.67,1468.80,1463.55,1465.46,3711
ICICIBANK,3,09:17:10,1465.46,1466.21,1462.77,1464.78,1997
ICICIBANK,3,09:17:20,1464.78,1471.39,1462.98,1470.58,1197
ICICIBANK,3,09:17:30,1470.58,1475.11,1469.67,1473.07,1653
ICICIBANK,3,09:17:40,1473.07,1476.47,1472.79,1476.21,4345
ICICIBANK,3,09:17:50,1476.21,1476.83,1475.34,1475.92,3620
ICICIBANK,3,09:18:00,1475.92,1477.07,1470.10,1470.82,4244
ICICIBANK,3,09:18:10,1470.82,1470.91,1469.83,1470.75,4189
ICICIBANK,3,09:18:20,1470.75,1475.88,1469.42,1473.76,2457
ICICIBANK,3,09:18:30,1473.76,1474.34,1473.59,1473.81,2629
ICICIBANK,3,09:18:40,1473.81,1474.62,1470.77,1470.92,4772
ICICIBANK,3,09:18:50,1470.92,1473.30,1468.63,1468.76,3251
ICICIBANK,3,09:19:00,1468.76,1473.97,1467.82,1471.72,2774
ICICIBANK,3,09:19:10,1471.72,1477.91,1470.28,1475.97,2800
ICICIBANK,3,09:19:20,1475.97,1478.40,1472.68,1473.58,3084
ICICIBANK,3,09:19:30,1473.58,1477.94,1472.73,1476.81,3395
ICICIBANK,3,09:19:40,1476.81,1483.36,1475.00,1481.17,1893
ICICIBANK,3,09:19:50,1481.17,1482.51,1479.98,1480.00,2459
ICICIBANK,3,09:20:00,1480.00,1486.05,1477.51,1483.65,1990
ICICIBANK,3,09:20:10,1483.65,1484.59,1481.56,1483.22,3992
ICICIBANK,3,09:20:20,1483.22,1488.28,1481.50,1486.49,3895
ICICIBANK,3,09:20:30,1486.49,1488.61,1484.65,1487.45,4743
ICICIBANK,3,09:20:40,1487.45,1489.47,1484.09,1486.47,2566
ICICIBANK,3,09:20:50,1486.47,1488.12,1484.76,1488.06,3622
ICICIBANK,3,09:21:00,1488.06,1490.58,1486.66,1489.88,4436
ICICIBANK,3,09:21:10,1489.88,1494.64,1488.84,1492.90,1586
ICICIBANK,3,09:21:20,1492.90,1495.92,1490.61,1493.75,2069
ICICIBANK,3,09:21:30,1493.75,1495.18,1489.20,1489.90,2239
ICICIBANK,3,09:21:40,1489.90,1496.85,1489.55,1495.10,807
ICICIBANK,3,09:21:50,1495.10,1501.41,1492.96,1499.50,2319
ICICIBANK,3,09:22:00,1499.50,1501.21,1497.06,1497.68,1576
ICICIBANK,3,09:22:10,1497.68,1503.52,1496.83,1502.62,3079
ICICIBANK,3,09:22:20,1502.62,1503.97,1496.98,1497.39,2758
ICICIBANK,3,09:22:30,1497.39,1499.31,1492.29,1492.42,2702
ICICIBANK,3,09:22:40,1492.42,1492.98,1490.08,1490.59,2098
ICICIBANK,3,09:22:50,1490.59,1491.72,1490.11,1490.65,3280
ICICIBANK,3,09:23:00,1490.65,1495.12,1488.19,1495.10,3915
ICICIBANK,3,09:23:10,1495.10,1495.35,1491.35,1493.42,4926
ICICIBANK,3,09:23:20,1493.42,1495.53,1493.08,1494.43,2394
ICICIBANK,3,09:23:30,1494.43,1496.28,1489.29,1490.21,4222
ICICIBANK,3,09:23:40,1490.21,1491.56,1484.01,1486.28,3370
ICICIBANK,3,09:23:50,1486.28,1488.68,1484.38,1484.91,4390
ICICIBANK,3,09:24:00,1484.91,1486.62,1482.24,1483.55,2232
ICICIBANK,3,09:24:10,1483.55,1484.99,1477.95,1480.08,4399
ICICIBANK,3,09:24:20,1480.08,1481.57,1474.58,1476.21,3171
ICICIBANK,3,09:24:30,1476.21,1478.54,1473.28,1474.95,4018
ICICIBANK,3,09:24:40,1474.95,1475.94,1470.85,1471.46,3204
ICICIBANK,3,09:24:50,1471.46,1471.72,1469.71,1470.11,4028
ICICIBANK,3,09:25:00,1470.11,1476.10,1468.18,1475.72,2730
ICICIBANK,3,09:25:10,1475.72,1482.81,1474.70,1481.05,1202
ICICIBANK,3,09:25:20,1481.05,1483.26,1479.10,1481.24,4892
ICICIBANK,3,09:25:30,1481.24,1481.44,1478.39,1478.61,2762
ICICIBANK,3,09:25:40,1478.61,1480.24,1475.11,1475.66,1083
ICICIBANK,3,09:25:50,1475.66,1475.90,1470.63,1472.41,1602
ICICIBANK,3,09:26:00,1472.41,1473.00,1470.13,1471.07,2265
ICICIBANK,3,09:26:10,1471.07,1479.31,1469.76,1476.88,3772
ICICIBANK,3,09:26:20,1476.88,1481.69,1476.16,1480.93,821
ICICIBANK,3,09:26:30,1480.93,1482.16,1479.39,1481.33,3899
ICICIBANK,3,09:26:40,1481.33,1483.57,1476.28,1477.16,1652
ICICIBANK,3,09:26:50,1477.16,1480.04,1475.84,1478.76,1453
ICICIBANK,4,09:15:00,1439.37,1444.07,1437.50,1442.14,1292
ICICIBANK,4,09:15:10,1442.14,1443.11,1438.32,1438.33,4231
ICICIBANK,4,09:15:20,1438.33,1441.02,1437.23,1439.43,3548
ICICIBANK,4,09:15:30,1439.43,1441.50,1434.26,1435.82,3910
ICICIBANK,4,09:15:40,1435.82,1440.85,1435.04,1440.51,1394
ICICIBANK,4,09:15:50,1440.51,1447.12,1438.94,1446.08,3158
ICICIBANK,4,09:16:00,1446.08,1447.26,1441.59,1443.92,2008
ICICIBANK,4,09:16:10,1443.92,1449.90,1443.78,1448.83,2255
ICICIBANK,4,09:16:20,1448.83,1454.45,1446.58,1453.76,2397
ICICIBANK,4,09:16:30,1453.76,1455.62,1449.80,1451.92,914
ICICIBANK,4,09:16:40,1451.92,1453.92,1449.85,1451.45,925
ICICIBANK,4,09:16:50,1451.45,1455.58,1449.91,1453.69,3870
ICICIBANK,4,09:17:00,1453.69,1454.30,1446.34,1447.98,3634
ICICIBANK,4,09:17:10,1447.98,1451.52,1445.88,1449.65,4353
ICICIBANK,4,09:17:20,1449.65,1450.28,1448.13,1448.98,2621
ICICIBANK,4,09:17:30,1448.98,1452.81,1447.73,1450.87,1460
ICICIBANK,4,09:17:40,1450.87,1452.30,1447.13,1447.92,2892
ICICIBANK,4,09:17:50,1447.92,1450.91,1446.52,1450.75,2158
ICICIBANK,4,09:18:00,1450.75,1452.64,1447.82,1448.26,847
ICICIBANK,4,09:18:10,1448.26,1452.56,1445.87,1452.11,1391
ICICIBANK,4,09:18:20,1452.11,1453.74,1450.27,1450.39,3701
ICICIBANK,4,09:18:30,1450.39,1452.50,1443.87,1446.05,829
ICICIBANK,4,09:18:40,1446.05,1448.09,1440.45,1441.49,4323
ICICIBANK,4,09:18:50,1441.49,1443.91,1435.36,1437.49,1267
ICICIBANK,4,09:19:00,1437.49,1438.06,1435.44,1437.22,3081
ICICIBANK,4,09:19:10,1437.22,1441.71,1436.64,1440.21,3219
ICICIBANK,4,09:19:20,1440.21,1440.83,1434.67,1437.08,2182
ICICIBANK,4,09:19:30,1437.08,1438.93,1435.04,1435.46,2852
ICICIBANK,4,09:19:40,1435.46,1438.70,1433.49,1436.67,2763
ICICIBANK,4,09:19:50,1436.67,1438.66,1435.96,1437.40,1187
ICICIBANK,4,09:20:00,1437.40,1442.83,1434.97,1440.50,2700
ICICIBANK,4,09:20:10,1440.50,1441.49,1439.64,1440.29,2979
ICICIBANK,4,09:20:20,1440.29,1442.11,1434.25,1436.14,956
ICICIBANK,4,09:20:30,1436.14,1438.60,1431.12,1432.43,2886
ICICIBANK,4,09:20:40,1432.43,1437.00,1431.40,1436.29,2813
ICICIBANK,4,09:20:50,1436.29,1441.72,1436.17,1440.24,3415
ICICIBANK,4,09:21:00,1440.24,1444.82,1440.10,1443.98,3031
ICICIBANK,4,09:21:10,1443.98,1450.51,1442.75,1449.23,1666
ICICIBANK,4,09:21:20,1449.23,1449.30,1446.46,1447.25,1826
ICICIBANK,4,09:21:30,1447.25,1453.35,1446.82,1452.18,1286
ICICIBANK,4,09:21:40,1452.18,1454.76,1451.46,1453.56,4654
ICICIBANK,4,09:21:50,1453.56,1455.00,1453.29,1454.42,1387
ICICIBANK,4,09:22:00,1454.42,1455.63,1453.46,1454.08,880
ICICIBANK,4,09:22:10,1454.08,1455.86,1447.55,1448.44,4929
ICICIBANK,4,09:22:20,1448.44,1452.98,1447.11,1450.69,3499
ICICIBANK,4,09:22:30,1450.69,1454.00,1450.17,1452.78,3206
ICICIBANK,4,09:22:40,1452.78,1457.65,1451.77,1456.15,840
ICICIBANK,4,09:22:50,1456.15,1456.70,1454.52,1455.46,1275
ICICIBANK,4,09:23:00,1455.46,1460.80,1453.47,1458.67,2957
ICICIBANK,4,09:23:10,1458.67,1458.69,1453.65,1453.91,812
ICICIBANK,4,09:23:20,1453.91,1455.21,1449.70,1450.23,2060
ICICIBANK,4,09:23:30,1450.23,1452.37,1446.52,1448.50,3110
ICICIBANK,4,09:23:40,1448.50,1449.04,1441.94,1442.55,3790
ICICIBANK,4,09:23:50,1442.55,1442.60,1436.97,1437.96,3491
ICICIBANK,4,09:24:00,1437.96,1439.06,1437.42,1437.75,4327
ICICIBANK,4,09:24:10,1437.75,1438.48,1435.38,1436.78,1220
ICICIBANK,4,09:24:20,1436.78,1438.63,1432.32,1433.38,4079
ICICIBANK,4,09:24:30,1433.38,1433.56,1432.23,1433.02,2943
ICICIBANK,4,09:24:40,1433.02,1438.42,1432.40,1437.03,2799
ICICIBANK,4,09:24:50,1437.03,1439.25,1436.49,1436.88,2684
ICICIBANK,4,09:25:00,1436.88,1440.50,1436.36,1439.95,3731
ICICIBANK,4,09:25:10,1439.95,1440.87,1434.99,1436.84,4053
ICICIBANK,4,09:25:20,1436.84,1438.47,1428.88,1431.34,2341
ICICIBANK,4,09:25:30,1431.34,1433.35,1425.42,1427.51,2739
ICICIBANK,4,09:25:40,1427.51,1429.67,1424.76,1424.99,2880
ICICIBANK,4,09:25:50,1424.99,1427.93,1422.90,1426.42,3295
ICICIBANK,4,09:26:00,1426.42,1427.25,1424.07,1425.89,2452
ICICIBANK,4,09:26:10,1425.89,1429.59,1423.75,1427.95,1102
ICICIBANK,4,09:26:20,1427.95,1429.42,1423.72,1425.26,4216
ICICIBANK,4,09:26:30,1425.26,1425.43,1423.99,1424.76,3989
ICICIBANK,4,09:26:40,1424.76,1431.32,1423.57,1430.48,4492
ICICIBANK,4,09:26:50,1430.48,1431.45,1425.33,1427.28,1056
ICICIBANK,5,09:15:00,1521.13,1525.04,1520.27,1524.41,2484
ICICIBANK,5,09:15:10,1524.41,1530.32,1522.15,1529.31,1591
ICICIBANK,5,09:15:20,1529.31,1535.68,1527.45,1534.38,3203
ICICIBANK,5,09:15:30,1534.38,1539.87,1533.14,1538.11,3370
ICICIBANK,5,09:15:40,1538.11,1539.71,1535.03,1537.26,1059
ICICIBANK,5,09:15:50,1537.26,1539.04,1536.54,1536.95,1652
ICICIBANK,5,09:16:00,1536.95,1542.98,1534.96,1541.72,4538
ICICIBANK,5,09:16:10,1541.72,1545.67,1540.03,1543.66,4276
ICICIBANK,5,09:16:20,1543.66,1550.54,1543.41,1549.10,3423
ICICIBANK,5,09:16:30,1549.10,1549.62,1548.07,1549.17,3324
ICICIBANK,5,09:16:40,1549.17,1552.63,1548.51,1552.33,3518
ICICIBANK,5,09:16:50,1552.33,1553.72,1549.82,1551.61,4480
ICICIBANK,5,09:17:00,1551.61,1557.08,1551.24,1556.80,3484
ICICIBANK,5,09:17:10,1556.80,1562.25,1555.43,1560.51,1346
ICICIBANK,5,09:17:20,1560.51,1561.51,1558.59,1561.15,1763
ICICIBANK,5,09:17:30,1561.15,1562.38,1555.74,1557.15,4968
ICICIBANK,5,09:17:40,1557.15,1558.77,1554.90,1555.55,1324
ICICIBANK,5,09:17:50,1555.55,1558.06,1553.96,1557.04,3193
ICICIBANK,5,09:18:00,1557.04,1558.78,1550.55,1552.24,3542
ICICIBANK,5,09:18:10,1552.24,1557.24,1550.46,1556.75,1305
ICICIBANK,5,09:18:20,1556.75,1559.92,1555.61,1559.23,4210
ICICIBANK,5,09:18:30,1559.23,1560.55,1554.74,1555.66,4105
ICICIBANK,5,09:18:40,1555.66,1561.37,1553.61,1561.32,4365
ICICIBANK,5,09:18:50,1561.32,1566.42,1560.68,1564.33,1582
ICICIBANK,5,09:19:00,1564.33,1565.10,1561.57,1561.58,3026
ICICIBANK,5,09:19:10,1561.58,1562.70,1554.99,1556.02,2020
ICICIBANK,5,09:19:20,1556.02,1558.17,1552.57,1552.88,4263
ICICIBANK,5,09:19:30,1552.88,1554.82,1549.52,1550.63,4783
ICICIBANK,5,09:19:40,1550.63,1551.66,1544.68,1546.53,2245
ICICIBANK,5,09:19:50,1546.53,1550.59,1544.29,1549.33,3302
ICICIBANK,5,09:20:00,1549.33,1551.64,1543.32,1545.18,2918
ICICIBANK,5,09:20:10,1545.18,1552.89,1543.74,1551.12,2022
ICICIBANK,5,09:20:20,1551.12,1556.81,1549.12,1555.87,4735
ICICIBANK,5,09:20:30,1555.87,1560.18,1554.85,1558.14,3435
ICICIBANK,5,09:20:40,1558.14,1565.16,1555.80,1564.05,4967
ICICIBANK,5,09:20:50,1564.05,1570.02,1562.65,1568.86,2793
ICICIBANK,5,09:21:00,1568.86,1575.53,1568.70,1574.32,1290
ICICIBANK,5,09:21:10,1574.32,1579.20,1571.88,1578.39,1970
ICICIBANK,5,09:21:20,1578.39,1580.18,1576.51,1576.65,4323
ICICIBANK,5,09:21:30,1576.65,1580.21,1576.35,1578.97,3452
ICICIBANK,5,09:21:40,1578.97,1579.97,1573.39,1575.31,1675
ICICIBANK,5,09:21:50,1575.31,1577.63,1573.26,1575.01,2906
ICICIBANK,5,09:22:00,1575.01,1577.32,1568.87,1569.75,1282
ICICIBANK,5,09:22:10,1569.75,1570.05,1562.06,1564.31,4150
ICICIBANK,5,09:22:20,1564.31,1568.61,1563.15,1566.49,2009
ICICIBANK,5,09:22:30,1566.49,1568.99,1565.16,1566.26,2075
ICICIBANK,5,09:22:40,1566.26,1572.27,1564.49,1570.83,4639
ICICIBANK,5,09:22:50,1570.83,1571.91,1564.21,1566.06,3468
ICICIBANK,5,09:23:00,1566.06,1568.25,1558.27,1560.18,2261
ICICIBANK,5,09:23:10,1560.18,1567.32,1558.75,1566.17,992
ICICIBANK,5,09:23:20,1566.17,1568.95,1564.80,1568.42,1624
ICICIBANK,5,09:23:30,1568.42,1570.22,1567.11,1568.27,1909
ICICIBANK,5,09:23:40,1568.27,1573.88,1566.06,1573.46,1083
ICICIBANK,5,09:23:50,1573.46,1574.33,1568.57,1569.19,1388
ICICIBANK,5,09:24:00,1569.19,1571.65,1567.36,1567.94,1346
ICICIBANK,5,09:24:10,1567.94,1568.72,1564.71,1565.77,4752
ICICIBANK,5,09:24:20,1565.77,1566.81,1559.21,1561.28,3945
ICICIBANK,5,09:24:30,1561.28,1567.43,1560.00,1564.96,1167
ICICIBANK,5,09:24:40,1564.96,1568.24,1564.91,1567.15,1680
ICICIBANK,5,09:24:50,1567.15,1569.14,1564.11,1564.99,2313
ICICIBANK,5,09:25:00,1564.99,1565.15,1563.06,1563.70,4660
ICICIBANK,5,09:25:10,1563.70,1565.87,1560.03,1560.42,1254
ICICIBANK,5,09:25:20,1560.42,1565.99,1559.46,1564.21,4367
ICICIBANK,5,09:25:30,1564.21,1565.02,1561.44,1563.08,3456
ICICIBANK,5,09:25:40,1563.08,1564.67,1559.20,1559.89,1733
ICICIBANK,5,09:25:50,1559.89,1563.22,1558.48,1562.19,2612
ICICIBANK,5,09:26:00,1562.19,1563.94,1557.85,1560.21,4900
ICICIBANK,5,09:26:10,1560.21,1565.44,1559.04,1563.15,898
ICICIBANK,5,09:26:20,1563.15,1565.38,1560.94,1561.54,1062
ICICIBANK,5,09:26:30,1561.54,1568.12,1561.08,1566.99,2631
ICICIBANK,5,09:26:40,1566.99,1569.00,1563.38,1565.52,3952
ICICIBANK,5,09:26:50,1565.52,1566.35,1562.15,1563.08,4148
ICICIBANK,6,09:15:00,1417.04,1418.14,1409.99,1412.47,3649
ICICIBANK,6,09:15:10,1412.47,1416.91,1412.45,1414.46,2081
ICICIBANK,6,09:15:20,1414.46,1416.87,1413.05,1415.93,4836
ICICIBANK,6,09:15:30,1415.93,1421.28,1415.70,1420.61,2364
ICICIBANK,6,09:15:40,1420.61,1422.29,1417.28,1418.73,4355
ICICIBANK,6,09:15:50,1418.73,1422.93,1417.94,1420.60,4053
ICICIBANK,6,09:16:00,1420.60,1423.95,1419.99,1421.76,4329
ICICIBANK,6,09:16:10,1421.76,1422.72,1415.59,1416.06,3633
ICICIBANK,6,09:16:20,1416.06,1416.28,1408.82,1410.82,4459
ICICIBANK,6,09:16:30,1410.82,1414.06,1408.65,1413.15,2444
ICICIBANK,6,09:16:40,1413.15,1414.46,1411.38,1412.85,2584
ICICIBANK,6,09:16:50,1412.85,1415.30,1406.52,1407.65,2421
ICICIBANK,6,09:17:00,1407.65,1409.82,1402.84,1404.86,3538
ICICIBANK,6,09:17:10,1404.86,1405.27,1404.69,1405.22,4834
ICICIBANK,6,09:17:20,1405.22,1405.62,1403.80,1404.29,3002
ICICIBANK,6,09:17:30,1404.29,1404.52,1402.60,1403.30,3885
ICICIBANK,6,09:17:40,1403.30,1403.67,1396.47,1398.22,4335
ICICIBANK,6,09:17:50,1398.22,1402.08,1396.19,1401.46,1844
ICICIBANK,6,09:18:00,1401.46,1407.60,1399.20,1405.62,4483
ICICIBANK,6,09:18:10,1405.62,1407.31,1399.86,1400.09,819
ICICIBANK,6,09:18:20,1400.09,1401.41,1395.11,1395.38,4426
ICICIBANK,6,09:18:30,1395.38,1396.78,1389.57,1390.25,2856
ICICIBANK,6,09:18:40,1390.25,1392.17,1384.83,1387.20,1778
ICICIBANK,6,09:18:50,1387.20,1393.15,1385.91,1390.92,4793
ICICIBANK,6,09:19:00,1390.92,1395.47,1390.90,1393.96,916
ICICIBANK,6,09:19:10,1393.96,1394.26,1392.68,1394.22,897
ICICIBANK,6,09:19:20,1394.22,1395.86,1389.70,1392.18,1142
ICICIBANK,6,09:19:30,1392.18,1393.40,1391.69,1392.73,3115
ICICIBANK,6,09:19:40,1392.73,1395.35,1390.25,1395.28,1720
ICICIBANK,6,09:19:50,1395.28,1399.85,1394.43,1397.62,2613
ICICIBANK,6,09:20:00,1397.62,1399.22,1393.91,1395.72,4339
ICICIBANK,6,09:20:10,1395.72,1400.92,1395.62,1399.44,2310
ICICIBANK,6,09:20:20,1399.44,1406.92,1396.94,1404.98,1596
ICICIBANK,6,09:20:30,1404.98,1406.01,1403.15,1403.91,980
ICICIBANK,6,09:20:40,1403.91,1410.99,1403.72,1408.59,3180
ICICIBANK,6,09:20:50,1408.59,1415.86,1406.51,1413.45,2915
ICICIBANK,6,09:21:00,1413.45,1413.74,1407.42,1409.18,3640
ICICIBANK,6,09:21:10,1409.18,1412.14,1408.19,1409.98,2100
ICICIBANK,6,09:21:20,1409.98,1412.02,1403.93,1404.59,4971
ICICIBANK,6,09:21:30,1404.59,1410.44,1403.94,1408.48,3429
ICICIBANK,6,09:21:40,1408.48,1411.78,1407.51,1409.66,2017
ICICIBANK,6,09:21:50,1409.66,1410.22,1401.86,1403.67,2927
ICICIBANK,6,09:22:00,1403.67,1407.53,1401.25,1406.61,3699
ICICIBANK,6,09:22:10,1406.61,1408.86,1406.26,1406.56,4237
ICICIBANK,6,09:22:20,1406.56,1407.78,1403.09,1405.24,4996
ICICIBANK,6,09:22:30,1405.24,1407.35,1404.53,1406.83,3629
ICICIBANK,6,09:22:40,1406.83,1411.78,1404.51,1411.02,4044
ICICIBANK,6,09:22:50,1411.02,1411.27,1407.83,1408.51,1123
ICICIBANK,6,09:23:00,1408.51,1409.21,1406.70,1408.85,3445
ICICIBANK,6,09:23:10,1408.85,1411.07,1403.20,1405.13,2652
ICICIBANK,6,09:23:20,1405.13,1407.62,1396.92,1399.40,4807
ICICIBANK,6,09:23:30,1399.40,1399.64,1397.56,1398.03,1608
ICICIBANK,6,09:23:40,1398.03,1404.41,1396.61,1402.74,3774
ICICIBANK,6,09:23:50,1402.74,1403.54,1401.63,1402.62,4928
ICICIBANK,6,09:24:00,1402.62,1407.29,1400.48,1405.57,2439
ICICIBANK,6,09:24:10,1405.57,1407.27,1403.16,1406.49,2596
ICICIBANK,6,09:24:20,1406.49,1408.07,1402.60,1404.92,1953
ICICIBANK,6,09:24:30,1404.92,1408.21,1403.59,1407.02,4977
ICICIBANK,6,09:24:40,1407.02,1407.45,1401.44,1402.52,3938
ICICIBANK,6,09:24:50,1402.52,1404.05,1400.55,1401.00,4197
ICICIBANK,6,09:25:00,1401.00,1407.10,1399.91,1404.72,2137
ICICIBANK,6,09:25:10,1404.72,1405.76,1399.80,1400.39,2225
ICICIBANK,6,09:25:20,1400.39,1400.96,1399.39,1400.03,2486
ICICIBANK,6,09:25:30,1400.03,1402.90,1398.14,1401.38,3621
ICICIBANK,6,09:25:40,1401.38,1408.55,1400.21,1406.96,1068
ICICIBANK,6,09:25:50,1406.96,1409.37,1400.58,1402.90,1899
ICICIBANK,6,09:26:00,1402.90,1407.67,1400.74,1407.63,4872
ICICIBANK,6,09:26:10,1407.63,1410.06,1401.54,1402.59,3226
ICICIBANK,6,09:26:20,1402.59,1404.88,1400.61,1400.95,3966
ICICIBANK,6,09:26:30,1400.95,1404.30,1400.28,1402.87,2628
ICICIBANK,6,09:26:40,1402.87,1407.86,1402.18,1406.20,3109
ICICIBANK,6,09:26:50,1406.20,1410.11,1406.12,1408.56,2577
ICICIBANK,7,09:15:00,1419.71,1421.46,1414.50,1416.57,4332
ICICIBANK,7,09:15:10,1416.57,1422.49,1414.15,1420.62,1209
ICICIBANK,7,09:15:20,1420.62,1426.34,1419.41,1425.28,2905
ICICIBANK,7,09:15:30,1425.28,1426.90,1424.59,1424.93,1223
ICICIBANK,7,09:15:40,1424.93,1427.73,1423.28,1427.48,1303
ICICIBANK,7,09:15:50,1427.48,1428.86,1423.75,1425.02,2822
ICICIBANK,7,09:16:00,1425.02,1430.04,1424.59,1427.92,946
ICICIBANK,7,09:16:10,1427.92,1433.04,1426.81,1431.43,4696
ICICIBANK,7,09:16:20,1431.43,1436.75,1429.82,1434.86,2343
ICICIBANK,7,09:16:30,1434.86,1441.13,1434.16,1439.26,1891
ICICIBANK,7,09:16:40,1439.26,1440.74,1434.80,1437.16,1862
ICICIBANK,7,09:16:50,1437.16,1437.48,1430.55,1432.76,4834
ICICIBANK,7,09:17:00,1432.76,1434.69,1431.35,1432.49,2866
ICICIBANK,7,09:17:10,1432.49,1434.17,1430.71,1430.83,1673
ICICIBANK,7,09:17:20,1430.83,1434.03,1428.64,1432.73,2329
ICICIBANK,7,09:17:30,1432.73,1435.07,1427.14,1427.85,3331
ICICIBANK,7,09:17:40,1427.85,1427.94,1425.26,1427.03,2353
ICICIBANK,7,09:17:50,1427.03,1428.86,1426.04,1427.41,4807
ICICIBANK,7,09:18:00,1427.41,1429.18,1426.66,1427.91,929
ICICIBANK,7,09:18:10,1427.91,1433.00,1427.20,1431.01,3513
ICICIBANK,7,09:18:20,1431.01,1437.38,1428.80,1435.81,2820
ICICIBANK,7,09:18:30,1435.81,1437.07,1432.75,1434.23,4462
ICICIBANK,7,09:18:40,1434.23,1437.41,1433.28,1437.27,2802
ICICIBANK,7,09:18:50,1437.27,1439.90,1436.42,1439.46,1871
ICICIBANK,7,09:19:00,1439.46,1441.34,1436.98,1441.20,3398
ICICIBANK,7,09:19:10,1441.20,1441.40,1437.88,1438.93,4684
ICICIBANK,7,09:19:20,1438.93,1440.76,1437.06,1440.03,4446
ICICIBANK,7,09:19:30,1440.03,1443.08,1438.05,1441.77,4359
ICICIBANK,7,09:19:40,1441.77,1442.80,1436.05,1438.35,2641
ICICIBANK,7,09:19:50,1438.35,1443.60,1436.56,1442.79,3487
ICICIBANK,7,09:20:00,1442.79,1449.99,1441.03,1448.53,1329
ICICIBANK,7,09:20:10,1448.53,1449.93,1442.03,1443.90,2216
ICICIBANK,7,09:20:20,1443.90,1445.49,1438.26,1440.66,1223
ICICIBANK,7,09:20:30,1440.66,1441.36,1435.17,1435.71,4792
ICICIBANK,7,09:20:40,1435.71,1436.90,1434.02,1436.56,4938
ICICIBANK,7,09:20:50,1436.56,1443.00,1434.35,1441.54,3692
ICICIBANK,7,09:21:00,1441.54,1443.94,1436.69,1439.05,4842
ICICIBANK,7,09:21:10,1439.05,1442.62,1437.28,1441.20,2059
ICICIBANK,7,09:21:20,1441.20,1446.90,1441.14,1444.92,1810
ICICIBANK,7,09:21:30,1444.92,1444.99,1437.34,1439.20,2257
ICICIBANK,7,09:21:40,1439.20,1440.27,1438.15,1439.25,1272
ICICIBANK,7,09:21:50,1439.25,1440.05,1437.19,1437.99,3448
ICICIBANK,7,09:22:00,1437.99,1439.30,1435.82,1439.03,1150
ICICIBANK,7,09:22:10,1439.03,1440.80,1438.78,1439.81,914
ICICIBANK,7,09:22:20,1439.81,1441.79,1438.02,1441.77,3692
ICICIBANK,7,09:22:30,1441.77,1443.16,1441.31,1441.95,2083
ICICIBANK,7,09:22:40,1441.95,1445.07,1440.27,1443.86,3200
ICICIBANK,7,09:22:50,1443.86,1450.18,1442.39,1448.38,4028
ICICIBANK,7,09:23:00,1448.38,1450.14,1447.14,1447.46,3236
ICICIBANK,7,09:23:10,1447.46,1451.75,1447.35,1451.25,3628
ICICIBANK,7,09:23:20,1451.25,1451.56,1445.47,1446.63,3518
ICICIBANK,7,09:23:30,1446.63,1448.26,1439.24,1441.40,2897
ICICIBANK,7,09:23:40,1441.40,1443.76,1437.05,1437.87,4339
ICICIBANK,7,09:23:50,1437.87,1439.56,1435.73,1437.43,4877
ICICIBANK,7,09:24:00,1437.43,1438.05,1434.95,1436.76,1865
ICICIBANK,7,09:24:10,1436.76,1438.84,1434.58,1435.41,4749
ICICIBANK,7,09:24:20,1435.41,1435.93,1433.11,1433.29,3253
ICICIBANK,7,09:24:30,1433.29,1437.27,1431.79,1435.79,2903
ICICIBANK,7,09:24:40,1435.79,1438.07,1429.62,1429.81,2293
ICICIBANK,7,09:24:50,1429.81,1434.29,1427.83,1434.21,1499
ICICIBANK,7,09:25:00,1434.21,1441.98,1432.72,1439.50,4743
ICICIBANK,7,09:25:10,1439.50,1446.10,1438.52,1443.61,4177
ICICIBANK,7,09:25:20,1443.61,1446.10,1441.94,1444.86,4687
ICICIBANK,7,09:25:30,1444.86,1446.97,1438.39,1440.68,1538
ICICIBANK,7,09:25:40,1440.68,1442.55,1439.77,1440.19,2686
ICICIBANK,7,09:25:50,1440.19,1441.25,1436.97,1438.61,2806
ICICIBANK,7,09:26:00,1438.61,1443.84,1438.06,1442.00,3652
ICICIBANK,7,09:26:10,1442.00,1446.05,1439.53,1445.09,3845
ICICIBANK,7,09:26:20,1445.09,1449.88,1444.27,1447.67,4449
ICICIBANK,7,09:26:30,1447.67,1452.62,1446.44,1450.40,3422
ICICIBANK,7,09:26:40,1450.40,1454.34,1449.00,1453.15,1566
ICICIBANK,7,09:26:50,1453.15,1457.76,1452.71,1456.11,2634
ICICIBANK,8,09:15:00,1537.69,1538.84,1534.29,1535.26,4201
ICICIBANK,8,09:15:10,1535.26,1540.66,1535.08,1538.25,3903
ICICIBANK,8,09:15:20,1538.25,1539.77,1531.71,1533.31,2476
ICICIBANK,8,09:15:30,1533.31,1536.86,1532.72,1535.18,4034
ICICIBANK,8,09:15:40,1535.18,1537.59,1530.19,1531.29,4031
ICICIBANK,8,09:15:50,1531.29,1534.31,1529.84,1533.67,1113
ICICIBANK,8,09:16:00,1533.67,1534.83,1532.16,1534.67,3559
ICICIBANK,8,09:16:10,1534.67,1537.15,1532.84,1533.39,935
ICICIBANK,8,09:16:20,1533.39,1534.37,1527.15,1528.13,1767
ICICIBANK,8,09:16:30,1528.13,1531.77,1526.43,1531.64,3985
ICICIBANK,8,09:16:40,1531.64,1532.75,1527.59,1528.75,1254
ICICIBANK,8,09:16:50,1528.75,1535.30,1527.49,1533.20,1540
ICICIBANK,8,09:17:00,1533.20,1534.83,1527.74,1529.65,2400
ICICIBANK,8,09:17:10,1529.65,1535.86,1528.46,1534.14,2818
ICICIBANK,8,09:17:20,1534.14,1536.30,1533.74,1535.39,2136
ICICIBANK,8,09:17:30,1535.39,1540.06,1533.94,1538.57,4015
ICICIBANK,8,09:17:40,1538.57,1539.75,1537.71,1537.86,3753
ICICIBANK,8,09:17:50,1537.86,1539.34,1533.65,1535.44,1102
ICICIBANK,8,09:18:00,1535.44,1537.90,1533.40,1535.13,3947
ICICIBANK,8,09:18:10,1535.13,1537.94,1534.89,1536.44,3195
ICICIBANK,8,09:18:20,1536.44,1539.34,1534.38,1538.88,4717
ICICIBANK,8,09:18:30,1538.88,1540.53,1531.56,1533.00,2576
ICICIBANK,8,09:18:40,1533.00,1538.37,1532.47,1536.31,1854
ICICIBANK,8,09:18:50,1536.31,1537.74,1533.82,1535.00,2944
ICICIBANK,8,09:19:00,1535.00,1535.39,1533.43,1534.05,3152
ICICIBANK,8,09:19:10,1534.05,1535.30,1528.75,1528.96,1909
ICICIBANK,8,09:19:20,1528.96,1534.34,1527.64,1531.86,2215
ICICIBANK,8,09:19:30,1531.86,1535.88,1531.70,1534.27,3693
ICICIBANK,8,09:19:40,1534.27,1539.71,1533.08,1537.82,3786
ICICIBANK,8,09:19:50,1537.82,1539.32,1535.47,1535.86,3819
ICICIBANK,8,09:20:00,1535.86,1536.18,1532.83,1534.19,4816
ICICIBANK,8,09:20:10,1534.19,1538.39,1531.95,1536.21,2397
ICICIBANK,8,09:20:20,1536.21,1537.88,1528.36,1530.28,2252
ICICIBANK,8,09:20:30,1530.28,1532.14,1529.69,1531.58,1977
ICICIBANK,8,09:20:40,1531.58,1533.20,1530.05,1532.10,1650
ICICIBANK,8,09:20:50,1532.10,1534.33,1529.72,1530.59,4158
ICICIBANK,8,09:21:00,1530.59,1532.95,1527.17,1528.20,3337
ICICIBANK,8,09:21:10,1528.20,1533.65,1527.17,1532.40,3748
ICICIBANK,8,09:21:20,1532.40,1533.54,1529.88,1530.25,2810
ICICIBANK,8,09:21:30,1530.25,1530.28,1523.08,1525.49,3695
ICICIBANK,8,09:21:40,1525.49,1528.32,1524.12,1528.20,4733
ICICIBANK,8,09:21:50,1528.20,1530.05,1523.95,1525.99,3672
ICICIBANK,8,09:22:00,1525.99,1530.86,1525.15,1528.99,1710
ICICIBANK,8,09:22:10,1528.99,1531.60,1528.97,1530.80,812
ICICIBANK,8,09:22:20,1530.80,1533.15,1528.58,1531.54,4244
ICICIBANK,8,09:22:30,1531.54,1532.77,1528.97,1531.38,2877
ICICIBANK,8,09:22:40,1531.38,1531.58,1530.85,1531.38,4296
ICICIBANK,8,09:22:50,1531.38,1533.45,1527.94,1529.90,3222
ICICIBANK,8,09:23:00,1529.90,1530.73,1526.22,1528.56,2716
ICICIBANK,8,09:23:10,1528.56,1529.67,1525.48,1526.17,4145
ICICIBANK,8,09:23:20,1526.17,1532.35,1524.97,1531.86,2011
ICICIBANK,8,09:23:30,1531.86,1534.02,1526.00,1527.73,2194
ICICIBANK,8,09:23:40,1527.73,1529.30,1527.55,1527.76,804
ICICIBANK,8,09:23:50,1527.76,1528.97,1523.41,1523.93,4885
ICICIBANK,8,09:24:00,1523.93,1526.40,1520.74,1520.87,2148
ICICIBANK,8,09:24:10,1520.87,1521.59,1515.45,1516.25,831
ICICIBANK,8,09:24:20,1516.25,1516.58,1512.24,1513.28,4717
ICICIBANK,8,09:24:30,1513.28,1519.26,1512.22,1517.65,1422
ICICIBANK,8,09:24:40,1517.65,1520.03,1513.67,1514.89,2735
ICICIBANK,8,09:24:50,1514.89,1521.63,1514.85,1520.61,3397
ICICIBANK,8,09:25:00,1520.61,1523.09,1520.38,1521.58,3241
ICICIBANK,8,09:25:10,1521.58,1523.38,1520.42,1521.39,3788
ICICIBANK,8,09:25:20,1521.39,1522.50,1516.53,1517.85,3667
ICICIBANK,8,09:25:30,1517.85,1520.16,1516.59,1518.14,3637
ICICIBANK,8,09:25:40,1518.14,1525.16,1517.01,1522.98,2804
ICICIBANK,8,09:25:50,1522.98,1524.56,1517.00,1518.34,2949
ICICIBANK,8,09:26:00,1518.34,1520.32,1514.00,1515.50,3997
ICICIBANK,8,09:26:10,1515.50,1516.59,1508.17,1510.28,3422
ICICIBANK,8,09:26:20,1510.28,1511.48,1505.26,1506.45,4759
ICICIBANK,8,09:26:30,1506.45,1507.55,1503.39,1503.78,1960
ICICIBANK,8,09:26:40,1503.78,1504.47,1499.31,1500.45,3824
ICICIBANK,8,09:26:50,1500.45,1502.49,1497.09,1499.05,1466
ICICIBANK,9,09:15:00,1631.89,1637.04,1630.71,1634.96,3858
ICICIBANK,9,09:15:10,1634.96,1637.13,1633.53,1634.87,2609
ICICIBANK,9,09:15:20,1634.87,1635.34,1628.91,1630.39,1033
ICICIBANK,9,09:15:30,1630.39,1636.22,1630.36,1635.41,3148
ICICIBANK,9,09:15:40,1635.41,1635.70,1633.04,1633.62,3438
ICICIBANK,9,09:15:50,1633.62,1634.94,1632.81,1634.23,1350
ICICIBANK,9,09:16:00,1634.23,1635.78,1631.91,1635.09,3179
ICICIBANK,9,09:16:10,1635.09,1637.24,1632.14,1633.99,4644
ICICIBANK,9,09:16:20,1633.99,1634.33,1627.70,1629.23,2823
ICICIBANK,9,09:16:30,1629.23,1636.76,1627.29,1634.48,4129
ICICIBANK,9,09:16:40,1634.48,1634.99,1630.32,1632.52,2395
ICICIBANK,9,09:16:50,1632.52,1637.96,1630.15,1637.04,3370
ICICIBANK,9,09:17:00,1637.04,1644.28,1635.36,1642.23,964
ICICIBANK,9,09:17:10,1642.23,1645.57,1641.84,1643.07,2322
ICICIBANK,9,09:17:20,1643.07,1646.14,1642.07,1645.84,800
ICICIBANK,9,09:17:30,1645.84,1647.54,1643.93,1646.14,3464
ICICIBANK,9,09:17:40,1646.14,1649.00,1643.99,1647.74,1998
ICICIBANK,9,09:17:50,1647.74,1653.04,1645.28,1651.08,4609
ICICIBANK,9,09:18:00,1651.08,1656.36,1650.96,1655.30,4640
ICICIBANK,9,09:18:10,1655.30,1656.75,1652.73,1654.77,2825
ICICIBANK,9,09:18:20,1654.77,1661.29,1653.74,1659.18,4892
ICICIBANK,9,09:18:30,1659.18,1663.56,1657.92,1661.07,3469
ICICIBANK,9,09:18:40,1661.07,1668.67,1659.09,1666.23,1252
ICICIBANK,9,09:18:50,1666.23,1669.19,1663.74,1668.46,1179
ICICIBANK,9,09:19:00,1668.46,1668.81,1666.78,1667.78,1022
ICICIBANK,9,09:19:10,1667.78,1670.06,1666.68,1670.02,2694
ICICIBANK,9,09:19:20,1670.02,1674.27,1669.65,1672.55,3713
ICICIBANK,9,09:19:30,1672.55,1673.84,1667.45,1668.32,3960
ICICIBANK,9,09:19:40,1668.32,1669.15,1664.41,1665.17,1442
ICICIBANK,9,09:19:50,1665.17,1669.09,1664.87,1668.02,4558
ICICIBANK,9,09:20:00,1668.02,1668.53,1665.95,1667.33,4423
ICICIBANK,9,09:20:10,1667.33,1669.33,1662.51,1663.30,1541
ICICIBANK,9,09:20:20,1663.30,1667.38,1661.19,1665.90,4571
ICICIBANK,9,09:20:30,1665.90,1670.41,1664.23,1667.95,3291
ICICIBANK,9,09:20:40,1667.95,1668.77,1661.25,1662.04,2442
ICICIBANK,9,09:20:50,1662.04,1666.34,1661.13,1664.33,4010
ICICIBANK,9,09:21:00,1664.33,1665.89,1662.04,1662.39,2577
ICICIBANK,9,09:21:10,1662.39,1669.20,1662.31,1666.84,4514
ICICIBANK,9,09:21:20,1666.84,1672.16,1665.96,1669.72,2355
ICICIBANK,9,09:21:30,1669.72,1674.97,1668.69,1673.95,2288
ICICIBANK,9,09:21:40,1673.95,1674.27,1668.46,1668.73,3979
ICICIBANK,9,09:21:50,1668.73,1670.68,1666.77,1669.30,2300
ICICIBANK,9,09:22:00,1669.30,1671.66,1666.76,1669.10,2638
ICICIBANK,9,09:22:10,1669.10,1671.29,1667.10,1668.50,2074
ICICIBANK,9,09:22:20,1668.50,1670.94,1662.02,1663.84,2197
ICICIBANK,9,09:22:30,1663.84,1664.39,1661.30,1661.56,2777
ICICIBANK,9,09:22:40,1661.56,1663.77,1653.87,1655.59,1089
ICICIBANK,9,09:22:50,1655.59,1660.86,1654.26,1659.54,1073
ICICIBANK,9,09:23:00,1659.54,1660.19,1656.13,1658.43,2472
ICICIBANK,9,09:23:10,1658.43,1665.23,1656.10,1664.16,1812
ICICIBANK,9,09:23:20,1664.16,1664.57,1661.91,1663.25,4286
ICICIBANK,9,09:23:30,1663.25,1664.28,1658.94,1661.28,4689
ICICIBANK,9,09:23:40,1661.28,1663.77,1660.17,1661.05,3714
ICICIBANK,9,09:23:50,1661.05,1661.65,1658.15,1660.43,3479
ICICIBANK,9,09:24:00,1660.43,1662.46,1657.12,1657.92,4420
ICICIBANK,9,09:24:10,1657.92,1659.57,1656.81,1657.70,897
ICICIBANK,9,09:24:20,1657.70,1658.14,1653.50,1655.22,4913
ICICIBANK,9,09:24:30,1655.22,1655.86,1653.87,1655.80,3422
ICICIBANK,9,09:24:40,1655.80,1660.79,1655.42,1659.47,3606
ICICIBANK,9,09:24:50,1659.47,1660.20,1658.38,1659.28,4671
ICICIBANK,9,09:25:00,1659.28,1660.95,1659.23,1660.83,3160
ICICIBANK,9,09:25:10,1660.83,1666.17,1660.12,1666.13,3829
ICICIBANK,9,09:25:20,1666.13,1667.30,1658.46,1660.84,3281
ICICIBANK,9,09:25:30,1660.84,1662.09,1659.89,1661.80,1773
ICICIBANK,9,09:25:40,1661.80,1663.50,1660.65,1660.94,3612
ICICIBANK,9,09:25:50,1660.94,1664.13,1658.51,1662.56,1531
ICICIBANK,9,09:26:00,1662.56,1663.27,1657.57,1659.33,4408
ICICIBANK,9,09:26:10,1659.33,1662.18,1659.22,1661.29,3354
ICICIBANK,9,09:26:20,1661.29,1662.04,1656.95,1659.32,1928
ICICIBANK,9,09:26:30,1659.32,1660.51,1653.87,1654.88,1104
ICICIBANK,9,09:26:40,1654.88,1660.97,1653.36,1660.00,3321
ICICIBANK,9,09:26:50,1660.00,1662.32,1658.38,1661.49,4946
ICICIBANK,10,09:15:00,1655.36,1660.96,1653.72,1660.40,2529
ICICIBANK,10,09:15:10,1660.40,1662.16,1659.18,1661.15,2149
ICICIBANK,10,09:15:20,1661.15,1661.96,1657.53,1658.80,1596
ICICIBANK,10,09:15:30,1658.80,1660.11,1658.06,1658.62,3662
ICICIBANK,10,09:15:40,1658.62,1660.52,1652.65,1653.39,2307
ICICIBANK,10,09:15:50,1653.39,1655.01,1648.34,1650.52,4133
ICICIBANK,10,09:16:00,1650.52,1651.14,1647.82,1649.34,1132
ICICIBANK,10,09:16:10,1649.34,1652.74,1648.81,1652.09,948
ICICIBANK,10,09:16:20,1652.09,1654.52,1647.11,1649.37,4217
ICICIBANK,10,09:16:30,1649.37,1649.78,1648.53,1649.32,3270
ICICIBANK,10,09:16:40,1649.32,1650.76,1643.17,1643.44,4384
ICICIBANK,10,09:16:50,1643.44,1644.89,1635.69,1638.05,2526
ICICIBANK,10,09:17:00,1638.05,1640.12,1630.55,1632.94,4904
ICICIBANK,10,09:17:10,1632.94,1640.78,1630.51,1638.56,1640
ICICIBANK,10,09:17:20,1638.56,1638.60,1633.09,1635.23,3208
ICICIBANK,10,09:17:30,1635.23,1635.51,1633.34,1633.79,1585
ICICIBANK,10,09:17:40,1633.79,1634.04,1631.54,1632.17,2939
ICICIBANK,10,09:17:50,1632.17,1638.26,1631.78,1637.30,4397
ICICIBANK,10,09:18:00,1637.30,1637.69,1633.20,1634.08,4254
ICICIBANK,10,09:18:10,1634.08,1635.18,1627.89,1629.37,4506
ICICIBANK,10,09:18:20,1629.37,1631.30,1627.71,1628.11,3705
ICICIBANK,10,09:18:30,1628.11,1635.22,1626.51,1633.24,3331
ICICIBANK,10,09:18:40,1633.24,1634.15,1631.72,1633.10,4941
ICICIBANK,10,09:18:50,1633.10,1635.63,1631.94,1634.51,2696
ICICIBANK,10,09:19:00,1634.51,1636.55,1633.66,1636.33,4863
ICICIBANK,10,09:19:10,1636.33,1637.39,1629.22,1631.46,2213
ICICIBANK,10,09:19:20,1631.46,1633.82,1629.85,1630.05,2868
ICICIBANK,10,09:19:30,1630.05,1632.29,1628.59,1629.42,2970
ICICIBANK,10,09:19:40,1629.42,1629.69,1626.11,1626.57,2940
ICICIBANK,10,09:19:50,1626.57,1627.44,1622.33,1623.98,1975
ICICIBANK,10,09:20:00,1623.98,1627.16,1622.14,1625.18,3141
ICICIBANK,10,09:20:10,1625.18,1628.84,1624.96,1627.92,1738
ICICIBANK,10,09:20:20,1627.92,1634.27,1625.87,1631.94,1164
ICICIBANK,10,09:20:30,1631.94,1633.21,1626.92,1628.99,1906
ICICIBANK,10,09:20:40,1628.99,1629.47,1621.87,1623.24,2375
ICICIBANK,10,09:20:50,1623.24,1624.73,1620.25,1622.57,2149
ICICIBANK,10,09:21:00,1622.57,1623.01,1619.14,1620.32,4215
ICICIBANK,10,09:21:10,1620.32,1622.33,1613.65,1614.35,1791
ICICIBANK,10,09:21:20,1614.35,1615.01,1610.18,1612.08,3013
ICICIBANK,10,09:21:30,1612.08,1612.51,1604.39,1606.13,2359
ICICIBANK,10,09:21:40,1606.13,1606.83,1603.54,1604.35,3597
ICICIBANK,10,09:21:50,1604.35,1605.75,1602.62,1602.98,4324
ICICIBANK,10,09:22:00,1602.98,1607.69,1602.46,1605.62,2895
ICICIBANK,10,09:22:10,1605.62,1613.04,1604.72,1610.88,1393
ICICIBANK,10,09:22:20,1610.88,1616.43,1610.00,1614.99,1885
ICICIBANK,10,09:22:30,1614.99,1621.01,1613.06,1619.44,4742
ICICIBANK,10,09:22:40,1619.44,1620.36,1615.26,1617.51,4923
ICICIBANK,10,09:22:50,1617.51,1620.45,1616.83,1619.18,2208
ICICIBANK,10,09:23:00,1619.18,1622.64,1618.00,1621.54,2039
ICICIBANK,10,09:23:10,1621.54,1622.05,1620.15,1620.24,2310
ICICIBANK,10,09:23:20,1620.24,1622.64,1618.91,1622.12,1662
ICICIBANK,10,09:23:30,1622.12,1625.54,1621.10,1624.91,2097
ICICIBANK,10,09:23:40,1624.91,1625.52,1622.13,1624.33,1827
ICICIBANK,10,09:23:50,1624.33,1626.62,1622.64,1623.72,3187
ICICIBANK,10,09:24:00,1623.72,1625.25,1620.65,1622.93,4967
ICICIBANK,10,09:24:10,1622.93,1628.70,1620.82,1627.25,3952
ICICIBANK,10,09:24:20,1627.25,1628.81,1625.48,1627.70,3210
ICICIBANK,10,09:24:30,1627.70,1629.08,1626.26,1628.70,2999
ICICIBANK,10,09:24:40,1628.70,1630.47,1628.52,1629.99,4216
ICICIBANK,10,09:24:50,1629.99,1631.58,1628.62,1629.85,4103
ICICIBANK,10,09:25:00,1629.85,1630.50,1626.72,1628.76,837
ICICIBANK,10,09:25:10,1628.76,1634.50,1627.75,1633.68,4262
ICICIBANK,10,09:25:20,1633.68,1640.06,1633.15,1638.45,2329
ICICIBANK,10,09:25:30,1638.45,1638.64,1632.52,1632.83,2490
ICICIBANK,10,09:25:40,1632.83,1638.53,1631.34,1637.32,3597
ICICIBANK,10,09:25:50,1637.32,1637.42,1633.72,1634.24,2615
ICICIBANK,10,09:26:00,1634.24,1634.50,1629.72,1630.51,1585
ICICIBANK,10,09:26:10,1630.51,1630.92,1629.51,1630.66,892
ICICIBANK,10,09:26:20,1630.66,1631.72,1625.20,1626.55,1776
ICICIBANK,10,09:26:30,1626.55,1631.56,1625.23,1631.00,3793
ICICIBANK,10,09:26:40,1631.00,1636.65,1630.12,1636.47,2774
ICICIBANK,10,09:26:50,1636.47,1638.59,1636.23,1637.23,4770
ICICIBANK,11,09:15:00,1393.43,1399.29,1391.98,1397.14,1491
ICICIBANK,11,09:15:10,1397.14,1398.08,1390.33,1391.40,4896
ICICIBANK,11,09:15:20,1391.40,1391.85,1388.65,1390.44,3693
ICICIBANK,11,09:15:30,1390.44,1391.43,1382.78,1385.15,4161
ICICIBANK,11,09:15:40,1385.15,1391.74,1383.13,1390.11,3347
ICICIBANK,11,09:15:50,1390.11,1395.70,1388.51,1394.46,1879
ICICIBANK,11,09:16:00,1394.46,1396.77,1389.35,1390.20,1999
ICICIBANK,11,09:16:10,1390.20,1396.86,1387.79,1394.62,1613
ICICIBANK,11,09:16:20,1394.62,1401.88,1393.78,1399.94,4206
ICICIBANK,11,09:16:30,1399.94,1400.09,1394.72,1395.44,1433
ICICIBANK,11,09:16:40,1395.44,1396.64,1391.78,1393.32,4866
ICICIBANK,11,09:16:50,1393.32,1398.44,1392.98,1398.40,1326
ICICIBANK,11,09:17:00,1398.40,1400.89,1391.65,1392.84,3698
ICICIBANK,11,09:17:10,1392.84,1395.23,1387.72,1389.05,4227
ICICIBANK,11,09:17:20,1389.05,1394.37,1387.72,1394.24,4230
ICICIBANK,11,09:17:30,1394.24,1396.78,1392.85,1394.87,2143
ICICIBANK,11,09:17:40,1394.87,1394.98,1387.85,1390.24,4658
ICICIBANK,11,09:17:50,1390.24,1396.20,1388.52,1396.06,4514
ICICIBANK,11,09:18:00,1396.06,1396.76,1390.56,1391.06,946
ICICIBANK,11,09:18:10,1391.06,1391.08,1385.16,1387.40,2070
ICICIBANK,11,09:18:20,1387.40,1387.53,1379.60,1381.71,4004
ICICIBANK,11,09:18:30,1381.71,1383.70,1376.63,1377.84,2252
ICICIBANK,11,09:18:40,1377.84,1385.99,1376.60,1383.65,3473
ICICIBANK,11,09:18:50,1383.65,1389.49,1382.35,1388.37,2207
ICICIBANK,11,09:19:00,1388.37,1388.79,1382.55,1383.13,1760
ICICIBANK,11,09:19:10,1383.13,1390.15,1382.74,1387.80,2497
ICICIBANK,11,09:19:20,1387.80,1389.24,1382.20,1383.88,2230
ICICIBANK,11,09:19:30,1383.88,1390.27,1383.78,1389.45,3230
ICICIBANK,11,09:19:40,1389.45,1392.69,1388.82,1390.56,3222
ICICIBANK,11,09:19:50,1390.56,1392.77,1389.70,1390.43,1498
ICICIBANK,11,09:20:00,1390.43,1391.51,1389.65,1390.50,2997
ICICIBANK,11,09:20:10,1390.50,1390.63,1388.77,1389.95,2222
ICICIBANK,11,09:20:20,1389.95,1393.47,1388.88,1392.79,4075
ICICIBANK,11,09:20:30,1392.79,1394.29,1390.42,1391.73,4716
ICICIBANK,11,09:20:40,1391.73,1396.73,1390.13,1395.83,3794
ICICIBANK,11,09:20:50,1395.83,1398.31,1393.54,1397.61,2798
ICICIBANK,11,09:21:00,1397.61,1398.99,1397.58,1398.09,4894
ICICIBANK,11,09:21:10,1398.09,1403.48,1396.55,1401.06,1244
ICICIBANK,11,09:21:20,1401.06,1404.13,1399.09,1403.84,1578
ICICIBANK,11,09:21:30,1403.84,1405.60,1403.27,1405.40,3770
ICICIBANK,11,09:21:40,1405.40,1413.07,1405.40,1411.30,2380
ICICIBANK,11,09:21:50,1411.30,1411.57,1405.92,1407.81,4245
ICICIBANK,11,09:22:00,1407.81,1409.44,1407.52,1408.78,1483
ICICIBANK,11,09:22:10,1408.78,1408.86,1404.31,1406.53,2437
ICICIBANK,11,09:22:20,1406.53,1414.69,1405.71,1412.40,858
ICICIBANK,11,09:22:30,1412.40,1417.68,1409.93,1416.59,3939
ICICIBANK,11,09:22:40,1416.59,1418.01,1411.05,1411.24,3976
ICICIBANK,11,09:22:50,1411.24,1414.49,1410.28,1414.16,2657
ICICIBANK,11,09:23:00,1414.16,1415.11,1410.20,1410.94,2079
ICICIBANK,11,09:23:10,1410.94,1410.95,1406.03,1407.22,4477
ICICIBANK,11,09:23:20,1407.22,1409.20,1401.93,1402.67,4610
ICICIBANK,11,09:23:30,1402.67,1408.35,1401.84,1407.73,1702
ICICIBANK,11,09:23:40,1407.73,1410.56,1406.82,1408.97,1402
ICICIBANK,11,09:23:50,1408.97,1411.92,1408.96,1410.15,3525
ICICIBANK,11,09:24:00,1410.15,1411.25,1407.08,1409.10,3733
ICICIBANK,11,09:24:10,1409.10,1410.15,1404.43,1404.99,3823
ICICIBANK,11,09:24:20,1404.99,1406.99,1399.44,1400.04,2291
ICICIBANK,11,09:24:30,1400.04,1400.64,1394.84,1397.20,2029
ICICIBANK,11,09:24:40,1397.20,1401.67,1394.77,1399.66,3883
ICICIBANK,11,09:24:50,1399.66,1399.90,1398.41,1399.40,3474
ICICIBANK,11,09:25:00,1399.40,1402.37,1398.67,1402.31,2173
ICICIBANK,11,09:25:10,1402.31,1408.83,1401.20,1407.92,4435
ICICIBANK,11,09:25:20,1407.92,1409.58,1403.92,1405.37,3808
ICICIBANK,11,09:25:30,1405.37,1406.61,1404.54,1405.02,1852
ICICIBANK,11,09:25:40,1405.02,1409.74,1403.46,1407.58,4840
ICICIBANK,11,09:25:50,1407.58,1411.60,1406.71,1409.90,4025
ICICIBANK,11,09:26:00,1409.90,1416.51,1408.74,1415.73,1744
ICICIBANK,11,09:26:10,1415.73,1417.55,1412.38,1414.54,1608
ICICIBANK,11,09:26:20,1414.54,1414.80,1412.10,1414.27,1728
ICICIBANK,11,09:26:30,1414.27,1414.91,1407.58,1409.39,1750
ICICIBANK,11,09:26:40,1409.39,1411.14,1404.02,1405.28,3784
ICICIBANK,11,09:26:50,1405.28,1412.33,1404.18,1409.92,1409
ICICIBANK,12,09:15:00,1677.74,1684.07,1675.43,1682.96,4649
ICICIBANK,12,09:15:10,1682.96,1689.92,1682.30,1687.71,804
ICICIBANK,12,09:15:20,1687.71,1690.90,1686.90,1689.89,3400
ICICIBANK,12,09:15:30,1689.89,1693.11,1688.71,1691.75,840
ICICIBANK,12,09:15:40,1691.75,1691.77,1687.75,1688.06,1543
ICICIBANK,12,09:15:50,1688.06,1694.26,1685.79,1693.25,4580
ICICIBANK,12,09:16:00,1693.25,1693.51,1685.97,1687.60,1101
ICICIBANK,12,09:16:10,1687.60,1689.28,1681.83,1682.96,2615
ICICIBANK,12,09:16:20,1682.96,1688.91,1681.65,1687.25,1519
ICICIBANK,12,09:16:30,1687.25,1687.32,1686.10,1686.71,3404
ICICIBANK,12,09:16:40,1686.71,1687.66,1683.96,1686.35,4256
ICICIBANK,12,09:16:50,1686.35,1686.42,1682.04,1683.46,3398
ICICIBANK,12,09:17:00,1683.46,1683.79,1679.95,1680.95,1268
ICICIBANK,12,09:17:10,1680.95,1685.65,1679.57,1683.47,2016
ICICIBANK,12,09:17:20,1683.47,1687.88,1682.41,1687.69,3095
ICICIBANK,12,09:17:30,1687.69,1689.59,1683.73,1684.16,1371
ICICIBANK,12,09:17:40,1684.16,1688.83,1681.66,1688.19,3397
ICICIBANK,12,09:17:50,1688.19,1694.37,1685.84,1692.72,1983
ICICIBANK,12,09:18:00,1692.72,1694.61,1689.66,1690.02,2674
ICICIBANK,12,09:18:10,1690.02,1695.61,1688.96,1695.45,3207
ICICIBANK,12,09:18:20,1695.45,1695.63,1690.77,1690.96,4987
ICICIBANK,12,09:18:30,1690.96,1691.10,1686.81,1688.11,3648
ICICIBANK,12,09:18:40,1688.11,1689.86,1681.75,1683.28,2750
ICICIBANK,12,09:18:50,1683.28,1685.00,1679.65,1680.63,2003
ICICIBANK,12,09:19:00,1680.63,1682.51,1674.69,1675.40,2906
ICICIBANK,12,09:19:10,1675.40,1677.31,1672.72,1673.30,4348
ICICIBANK,12,09:19:20,1673.30,1677.00,1671.32,1676.33,878
ICICIBANK,12,09:19:30,1676.33,1678.27,1673.87,1675.49,3159
ICICIBANK,12,09:19:40,1675.49,1677.21,1670.19,1670.73,1653
ICICIBANK,12,09:19:50,1670.73,1677.51,1670.00,1675.90,4283
ICICIBANK,12,09:20:00,1675.90,1680.79,1674.32,1678.82,897
ICICIBANK,12,09:20:10,1678.82,1685.53,1676.70,1684.18,1172
ICICIBANK,12,09:20:20,1684.18,1687.18,1682.73,1685.84,3431
ICICIBANK,12,09:20:30,1685.84,1686.78,1685.00,1685.28,2663
ICICIBANK,12,09:20:40,1685.28,1691.77,1683.54,1691.08,3443
ICICIBANK,12,09:20:50,1691.08,1695.11,1689.49,1692.69,4801
ICICIBANK,12,09:21:00,1692.69,1693.94,1689.77,1690.37,2625
ICICIBANK,12,09:21:10,1690.37,1692.01,1687.19,1688.82,4640
ICICIBANK,12,09:21:20,1688.82,1690.72,1684.61,1685.81,1568
ICICIBANK,12,09:21:30,1685.81,1689.04,1684.91,1687.79,3772
ICICIBANK,12,09:21:40,1687.79,1692.02,1685.76,1691.83,4762
ICICIBANK,12,09:21:50,1691.83,1696.19,1691.19,1695.39,833
ICICIBANK,12,09:22:00,1695.39,1699.47,1695.34,1698.93,1746
ICICIBANK,12,09:22:10,1698.93,1700.70,1697.54,1699.15,4467
ICICIBANK,12,09:22:20,1699.15,1699.20,1694.83,1696.38,2185
ICICIBANK,12,09:22:30,1696.38,1697.97,1694.41,1697.15,3702
ICICIBANK,12,09:22:40,1697.15,1698.03,1689.24,1691.54,2054
ICICIBANK,12,09:22:50,1691.54,1692.89,1690.42,1691.57,2055
ICICIBANK,12,09:23:00,1691.57,1692.83,1689.26,1690.25,2483
ICICIBANK,12,09:23:10,1690.25,1694.66,1688.67,1693.15,2208
ICICIBANK,12,09:23:20,1693.15,1694.21,1689.01,1690.60,1540
ICICIBANK,12,09:23:30,1690.60,1693.92,1690.51,1691.76,3923
ICICIBANK,12,09:23:40,1691.76,1692.98,1686.28,1687.89,1012
ICICIBANK,12,09:23:50,1687.89,1689.35,1686.06,1688.02,1241
ICICIBANK,12,09:24:00,1688.02,1690.02,1686.52,1686.75,1805
ICICIBANK,12,09:24:10,1686.75,1688.42,1682.25,1682.55,3521
ICICIBANK,12,09:24:20,1682.55,1685.97,1682.18,1683.78,2112
ICICIBANK,12,09:24:30,1683.78,1686.17,1679.83,1680.30,3996
ICICIBANK,12,09:24:40,1680.30,1680.64,1680.12,1680.13,2554
ICICIBANK,12,09:24:50,1680.13,1681.22,1678.24,1680.36,4313
ICICIBANK,12,09:25:00,1680.36,1680.79,1674.69,1675.84,1751
ICICIBANK,12,09:25:10,1675.84,1681.99,1675.36,1681.33,2229
ICICIBANK,12,09:25:20,1681.33,1683.10,1680.82,1681.29,2451
ICICIBANK,12,09:25:30,1681.29,1682.52,1677.33,1679.08,2883
ICICIBANK,12,09:25:40,1679.08,1681.04,1673.55,1675.24,3335
ICICIBANK,12,09:25:50,1675.24,1677.94,1674.61,1677.91,1084
ICICIBANK,12,09:26:00,1677.91,1678.50,1675.98,1677.18,1716
ICICIBANK,12,09:26:10,1677.18,1678.45,1675.45,1675.62,3155
ICICIBANK,12,09:26:20,1675.62,1675.74,1669.19,1671.34,3497
ICICIBANK,12,09:26:30,1671.34,1677.63,1668.94,1677.29,3503
ICICIBANK,12,09:26:40,1677.29,1679.47,1672.41,1674.01,817
ICICIBANK,12,09:26:50,1674.01,1679.81,1673.11,1678.37,4827
ICICIBANK,13,09:15:00,1492.30,1497.67,1491.74,1495.91,3219
ICICIBANK,13,09:15:10,1495.91,1498.42,1495.38,1497.96,3652
ICICIBANK,13,09:15:20,1497.96,1498.52,1495.61,1497.41,1615
ICICIBANK,13,09:15:30,1497.41,1499.11,1494.22,1496.48,1845
ICICIBANK,13,09:15:40,1496.48,1497.69,1495.68,1497.47,1635
ICICIBANK,13,09:15:50,1497.47,1500.98,1496.87,1499.39,2499
ICICIBANK,13,09:16:00,1499.39,1499.46,1493.18,1494.00,3855
ICICIBANK,13,09:16:10,1494.00,1501.04,1493.55,1499.34,2931
ICICIBANK,13,09:16:20,1499.34,1500.79,1495.82,1498.20,3162
ICICIBANK,13,09:16:30,1498.20,1502.93,1497.78,1500.74,1942
ICICIBANK,13,09:16:40,1500.74,1504.93,1500.17,1504.62,2193
ICICIBANK,13,09:16:50,1504.62,1510.89,1502.65,1509.49,3435
ICICIBANK,13,09:17:00,1509.49,1516.28,1508.31,1514.13,3293
ICICIBANK,13,09:17:10,1514.13,1516.21,1510.35,1510.62,4732
ICICIBANK,13,09:17:20,1510.62,1511.93,1503.88,1504.76,4401
ICICIBANK,13,09:17:30,1504.76,1510.78,1503.21,1510.26,1814
ICICIBANK,13,09:17:40,1510.26,1512.73,1505.91,1506.97,2322
ICICIBANK,13,09:17:50,1506.97,1508.59,1501.36,1502.65,2513
ICICIBANK,13,09:18:00,1502.65,1503.58,1500.45,1502.01,1410
ICICIBANK,13,09:18:10,1502.01,1509.22,1501.26,1507.11,2818
ICICIBANK,13,09:18:20,1507.11,1508.09,1505.52,1507.60,4385
ICICIBANK,13,09:18:30,1507.60,1514.26,1506.24,1512.25,1584
ICICIBANK,13,09:18:40,1512.25,1512.78,1508.78,1508.93,2849
ICICIBANK,13,09:18:50,1508.93,1510.82,1508.17,1509.83,3800
ICICIBANK,13,09:19:00,1509.83,1509.91,1505.45,1507.59,924
ICICIBANK,13,09:19:10,1507.59,1509.87,1499.48,1501.78,3437
ICICIBANK,13,09:19:20,1501.78,1504.84,1501.45,1503.58,2474
ICICIBANK,13,09:19:30,1503.58,1509.96,1503.32,1508.58,1818
ICICIBANK,13,09:19:40,1508.58,1512.00,1507.19,1511.93,2267
ICICIBANK,13,09:19:50,1511.93,1514.57,1510.64,1512.71,3437
ICICIBANK,13,09:20:00,1512.71,1515.03,1505.58,1507.40,3096
ICICIBANK,13,09:20:10,1507.40,1508.88,1505.92,1507.31,2159
ICICIBANK,13,09:20:20,1507.31,1514.14,1505.47,1512.85,2595
ICICIBANK,13,09:20:30,1512.85,1515.33,1511.36,1512.42,3214
ICICIBANK,13,09:20:40,1512.42,1514.63,1505.61,1507.62,2723
ICICIBANK,13,09:20:50,1507.62,1507.71,1502.29,1504.22,3923
ICICIBANK,13,09:21:00,1504.22,1505.92,1501.92,1503.15,4089
ICICIBANK,13,09:21:10,1503.15,1505.42,1499.48,1499.71,1365
ICICIBANK,13,09:21:20,1499.71,1504.08,1497.21,1502.33,3522
ICICIBANK,13,09:21:30,1502.33,1502.88,1498.89,1500.38,4814
ICICIBANK,13,09:21:40,1500.38,1500.66,1496.37,1496.84,1267
ICICIBANK,13,09:21:50,1496.84,1498.08,1493.42,1493.61,4621
ICICIBANK,13,09:22:00,1493.61,1495.98,1486.50,1487.71,2530
ICICIBANK,13,09:22:10,1487.71,1487.95,1480.69,1482.04,1923
ICICIBANK,13,09:22:20,1482.04,1488.83,1481.32,1486.59,3839
ICICIBANK,13,09:22:30,1486.59,1486.91,1486.23,1486.80,1590
ICICIBANK,13,09:22:40,1486.80,1488.87,1484.37,1485.49,3245
ICICIBANK,13,09:22:50,1485.49,1486.57,1480.34,1481.01,4717
ICICIBANK,13,09:23:00,1481.01,1481.92,1475.97,1477.94,3431
ICICIBANK,13,09:23:10,1477.94,1479.00,1471.85,1472.67,1901
ICICIBANK,13,09:23:20,1472.67,1475.09,1471.83,1473.57,2592
ICICIBANK,13,09:23:30,1473.57,1475.86,1471.09,1472.19,1780
ICICIBANK,13,09:23:40,1472.19,1474.23,1465.28,1467.74,1080
ICICIBANK,13,09:23:50,1467.74,1470.39,1465.71,1469.20,985
ICICIBANK,13,09:24:00,1469.20,1474.15,1466.76,1473.36,3428
ICICIBANK,13,09:24:10,1473.36,1475.81,1467.25,1467.50,4194
ICICIBANK,13,09:24:20,1467.50,1469.98,1465.16,1467.97,2954
ICICIBANK,13,09:24:30,1467.97,1469.06,1462.93,1465.31,4459
ICICIBANK,13,09:24:40,1465.31,1473.15,1463.51,1471.29,1450
ICICIBANK,13,09:24:50,1471.29,1476.30,1470.56,1475.19,2319
ICICIBANK,13,09:25:00,1475.19,1475.97,1469.45,1469.59,3761
ICICIBANK,13,09:25:10,1469.59,1476.87,1467.29,1474.44,3469
ICICIBANK,13,09:25:20,1474.44,1476.43,1472.78,1473.48,2227
ICICIBANK,13,09:25:30,1473.48,1475.30,1466.44,1468.06,3388
ICICIBANK,13,09:25:40,1468.06,1470.77,1467.45,1469.28,996
ICICIBANK,13,09:25:50,1469.28,1471.49,1461.97,1464.13,1442
ICICIBANK,13,09:26:00,1464.13,1464.22,1459.93,1461.77,1227
ICICIBANK,13,09:26:10,1461.77,1462.97,1459.00,1460.42,2887
ICICIBANK,13,09:26:20,1460.42,1464.50,1459.34,1463.83,3334
ICICIBANK,13,09:26:30,1463.83,1464.07,1463.70,1464.05,1129
ICICIBANK,13,09:26:40,1464.05,1468.82,1463.32,1468.73,4177
ICICIBANK,13,09:26:50,1468.73,1469.63,1464.23,1465.79,3954
ICICIBANK,14,09:15:00,1509.78,1511.61,1504.97,1506.31,4410
ICICIBANK,14,09:15:10,1506.31,1507.22,1504.48,1504.52,1963
ICICIBANK,14,09:15:20,1504.52,1509.83,1504.19,1508.84,4433
ICICIBANK,14,09:15:30,1508.84,1509.05,1507.42,1507.91,1123
ICICIBANK,14,09:15:40,1507.91,1511.77,1506.06,1510.27,1530
ICICIBANK,14,09:15:50,1510.27,1516.40,1508.60,1516.12,1674
ICICIBANK,14,09:16:00,1516.12,1520.59,1515.68,1519.63,3854
ICICIBANK,14,09:16:10,1519.63,1521.32,1513.43,1514.35,3502
ICICIBANK,14,09:16:20,1514.35,1516.34,1514.08,1515.57,976
ICICIBANK,14,09:16:30,1515.57,1517.66,1512.71,1514.84,4873
ICICIBANK,14,09:16:40,1514.84,1516.42,1510.21,1511.92,4740
ICICIBANK,14,09:16:50,1511.92,1518.52,1510.00,1517.31,3972
ICICIBANK,14,09:17:00,1517.31,1523.90,1515.23,1521.85,1631
ICICIBANK,14,09:17:10,1521.85,1525.09,1519.62,1523.36,2080
ICICIBANK,14,09:17:20,1523.36,1526.07,1522.21,1525.77,4665
ICICIBANK,14,09:17:30,1525.77,1526.67,1518.05,1520.46,1616
ICICIBANK,14,09:17:40,1520.46,1521.10,1518.69,1519.42,3910
ICICIBANK,14,09:17:50,1519.42,1521.25,1517.52,1520.55,4937
ICICIBANK,14,09:18:00,1520.55,1523.73,1519.92,1521.83,3325
ICICIBANK,14,09:18:10,1521.83,1523.49,1516.27,1516.84,4965
ICICIBANK,14,09:18:20,1516.84,1521.74,1516.62,1521.57,2783
ICICIBANK,14,09:18:30,1521.57,1527.52,1520.89,1525.94,3085
ICICIBANK,14,09:18:40,1525.94,1531.48,1524.45,1529.15,2087
ICICIBANK,14,09:18:50,1529.15,1533.67,1527.36,1532.52,1556
ICICIBANK,14,09:19:00,1532.52,1535.80,1530.44,1535.13,3304
ICICIBANK,14,09:19:10,1535.13,1535.15,1527.72,1529.38,3949
ICICIBANK,14,09:19:20,1529.38,1531.28,1526.09,1527.45,4119
ICICIBANK,14,09:19:30,1527.45,1529.88,1522.82,1524.27,3169
ICICIBANK,14,09:19:40,1524.27,1527.10,1523.01,1524.99,949
ICICIBANK,14,09:19:50,1524.99,1527.91,1524.38,1526.72,4054
ICICIBANK,14,09:20:00,1526.72,1530.40,1525.53,1528.71,2886
ICICIBANK,14,09:20:10,1528.71,1534.13,1528.20,1532.96,1170
ICICIBANK,14,09:20:20,1532.96,1533.64,1530.45,1530.82,1713
ICICIBANK,14,09:20:30,1530.82,1533.71,1529.68,1531.57,4268
ICICIBANK,14,09:20:40,1531.57,1532.92,1525.98,1527.09,4417
ICICIBANK,14,09:20:50,1527.09,1528.24,1525.25,1526.32,4079
ICICIBANK,14,09:21:00,1526.32,1531.09,1526.11,1529.36,1787
ICICIBANK,14,09:21:10,1529.36,1532.81,1528.95,1530.58,2873
ICICIBANK,14,09:21:20,1530.58,1532.02,1524.47,1526.09,2525
ICICIBANK,14,09:21:30,1526.09,1527.18,1520.00,1521.45,926
ICICIBANK,14,09:21:40,1521.45,1522.71,1519.57,1521.82,4465
ICICIBANK,14,09:21:50,1521.82,1522.11,1518.07,1519.64,4372
ICICIBANK,14,09:22:00,1519.64,1522.98,1517.41,1522.45,4205
ICICIBANK,14,09:22:10,1522.45,1524.10,1520.13,1522.27,4448
ICICIBANK,14,09:22:20,1522.27,1523.47,1519.93,1521.99,1709
ICICIBANK,14,09:22:30,1521.99,1522.88,1518.13,1519.26,4634
ICICIBANK,14,09:22:40,1519.26,1524.73,1516.83,1524.59,949
ICICIBANK,14,09:22:50,1524.59,1527.86,1522.18,1526.96,2897
ICICIBANK,14,09:23:00,1526.96,1528.46,1524.88,1528.37,3427
ICICIBANK,14,09:23:10,1528.37,1529.18,1526.94,1527.87,2573
ICICIBANK,14,09:23:20,1527.87,1530.24,1527.09,1527.76,3004
ICICIBANK,14,09:23:30,1527.76,1529.59,1524.27,1526.04,4678
ICICIBANK,14,09:23:40,1526.04,1528.12,1522.84,1524.72,4158
ICICIBANK,14,09:23:50,1524.72,1526.79,1519.53,1521.25,2305
ICICIBANK,14,09:24:00,1521.25,1523.51,1514.45,1515.29,3597
ICICIBANK,14,09:24:10,1515.29,1522.66,1513.57,1520.71,2115
ICICIBANK,14,09:24:20,1520.71,1522.55,1520.03,1520.36,1970
ICICIBANK,14,09:24:30,1520.36,1521.79,1518.38,1520.06,4879
ICICIBANK,14,09:24:40,1520.06,1521.85,1513.33,1514.78,3033
ICICIBANK,14,09:24:50,1514.78,1521.03,1512.94,1518.88,4292
ICICIBANK,14,09:25:00,1518.88,1522.74,1517.85,1522.68,4270
ICICIBANK,14,09:25:10,1522.68,1527.76,1520.71,1526.41,2335
ICICIBANK,14,09:25:20,1526.41,1530.83,1524.22,1529.75,2964
ICICIBANK,14,09:25:30,1529.75,1531.84,1527.82,1530.24,3138
ICICIBANK,14,09:25:40,1530.24,1531.14,1526.45,1526.60,4748
ICICIBANK,14,09:25:50,1526.60,1528.83,1526.34,1527.83,3707
ICICIBANK,14,09:26:00,1527.83,1529.07,1522.57,1524.52,2897
ICICIBANK,14,09:26:10,1524.52,1525.75,1519.15,1520.20,3158
ICICIBANK,14,09:26:20,1520.20,1521.13,1519.92,1520.97,2381
ICICIBANK,14,09:26:30,1520.97,1527.38,1520.13,1526.30,4656
ICICIBANK,14,09:26:40,1526.30,1530.80,1525.86,1529.94,1095
ICICIBANK,14,09:26:50,1529.94,1531.45,1524.26,1525.13,4702
ICICIBANK,15,09:15:00,1511.89,1513.17,1511.13,1511.66,4717
ICICIBANK,15,09:15:10,1511.66,1513.75,1511.50,1513.69,2567
ICICIBANK,15,09:15:20,1513.69,1518.62,1511.63,1516.74,950
ICICIBANK,15,09:15:30,1516.74,1519.11,1511.24,1512.44,2698
ICICIBANK,15,09:15:40,1512.44,1514.91,1507.14,1508.58,2238
ICICIBANK,15,09:15:50,1508.58,1512.37,1507.87,1511.67,830
ICICIBANK,15,09:16:00,1511.67,1512.62,1505.31,1506.75,3687
ICICIBANK,15,09:16:10,1506.75,1513.18,1506.46,1511.65,2229
ICICIBANK,15,09:16:20,1511.65,1513.27,1509.39,1512.51,1122
ICICIBANK,15,09:16:30,1512.51,1514.99,1508.13,1509.48,4585
ICICIBANK,15,09:16:40,1509.48,1517.67,1508.82,1515.40,3726
ICICIBANK,15,09:16:50,1515.40,1516.72,1515.20,1516.48,1988
ICICIBANK,15,09:17:00,1516.48,1516.96,1510.24,1510.81,1287
ICICIBANK,15,09:17:10,1510.81,1518.23,1509.85,1516.73,4340
ICICIBANK,15,09:17:20,1516.73,1520.50,1516.09,1518.89,2576
ICICIBANK,15,09:17:30,1518.89,1522.09,1516.82,1519.78,2502
ICICIBANK,15,09:17:40,1519.78,1523.32,1517.62,1522.43,3151
ICICIBANK,15,09:17:50,1522.43,1528.39,1521.68,1527.07,2785
ICICIBANK,15,09:18:00,1527.07,1528.26,1525.99,1526.76,3458
ICICIBANK,15,09:18:10,1526.76,1527.36,1519.36,1521.40,2268
ICICIBANK,15,09:18:20,1521.40,1527.08,1521.06,1525.89,1449
ICICIBANK,15,09:18:30,1525.89,1533.27,1523.85,1531.84,4085
ICICIBANK,15,09:18:40,1531.84,1531.95,1525.63,1527.74,3687
ICICIBANK,15,09:18:50,1527.74,1528.80,1522.57,1524.11,1993
ICICIBANK,15,09:19:00,1524.11,1526.22,1519.86,1521.45,4986
ICICIBANK,15,09:19:10,1521.45,1522.61,1517.41,1518.40,4579
ICICIBANK,15,09:19:20,1518.40,1522.76,1516.19,1521.55,4979
ICICIBANK,15,09:19:30,1521.55,1527.42,1519.47,1526.10,1449
ICICIBANK,15,09:19:40,1526.10,1531.86,1523.68,1529.72,4424
ICICIBANK,15,09:19:50,1529.72,1530.94,1525.06,1525.71,3942
ICICIBANK,15,09:20:00,1525.71,1530.95,1524.97,1530.74,4429
ICICIBANK,15,09:20:10,1530.74,1532.92,1527.33,1529.29,3889
ICICIBANK,15,09:20:20,1529.29,1536.08,1528.34,1533.69,2296
ICICIBANK,15,09:20:30,1533.69,1538.41,1531.83,1537.70,4781
ICICIBANK,15,09:20:40,1537.70,1539.37,1534.22,1534.35,949
ICICIBANK,15,09:20:50,1534.35,1535.01,1530.02,1531.78,865
ICICIBANK,15,09:21:00,1531.78,1532.03,1531.13,1531.30,3092
ICICIBANK,15,09:21:10,1531.30,1533.02,1527.15,1528.29,2274
ICICIBANK,15,09:21:20,1528.29,1529.39,1525.05,1527.36,3184
ICICIBANK,15,09:21:30,1527.36,1529.36,1526.47,1528.80,1045
ICICIBANK,15,09:21:40,1528.80,1529.33,1523.23,1523.75,1316
ICICIBANK,15,09:21:50,1523.75,1525.77,1523.47,1525.69,3448
ICICIBANK,15,09:22:00,1525.69,1526.75,1524.58,1525.83,2645
ICICIBANK,15,09:22:10,1525.83,1531.51,1525.28,1531.28,1271
ICICIBANK,15,09:22:20,1531.28,1535.42,1529.49,1533.61,4577
ICICIBANK,15,09:22:30,1533.61,1534.09,1528.65,1530.91,4494
ICICIBANK,15,09:22:40,1530.91,1533.29,1527.22,1529.23,2710
ICICIBANK,15,09:22:50,1529.23,1531.59,1521.55,1523.31,4447
ICICIBANK,15,09:23:00,1523.31,1523.84,1517.78,1519.87,4740
ICICIBANK,15,09:23:10,1519.87,1525.25,1519.66,1523.60,846
ICICIBANK,15,09:23:20,1523.60,1525.80,1518.05,1518.77,2207
ICICIBANK,15,09:23:30,1518.77,1518.97,1515.74,1517.74,2094
ICICIBANK,15,09:23:40,1517.74,1523.17,1515.92,1522.77,2938
ICICIBANK,15,09:23:50,1522.77,1522.77,1516.76,1516.96,3923
ICICIBANK,15,09:24:00,1516.96,1519.07,1513.49,1514.97,4100
ICICIBANK,15,09:24:10,1514.97,1517.26,1508.83,1509.61,1496
ICICIBANK,15,09:24:20,1509.61,1516.00,1508.76,1515.32,1139
ICICIBANK,15,09:24:30,1515.32,1521.41,1515.11,1519.33,1053
ICICIBANK,15,09:24:40,1519.33,1525.34,1518.58,1525.26,1230
ICICIBANK,15,09:24:50,1525.26,1526.05,1519.65,1520.26,1373
ICICIBANK,15,09:25:00,1520.26,1524.18,1519.44,1522.75,4129
ICICIBANK,15,09:25:10,1522.75,1525.16,1516.24,1517.45,2360
ICICIBANK,15,09:25:20,1517.45,1522.79,1516.76,1521.03,4850
ICICIBANK,15,09:25:30,1521.03,1528.51,1519.99,1526.99,3481
ICICIBANK,15,09:25:40,1526.99,1528.25,1521.85,1524.07,3880
ICICIBANK,15,09:25:50,1524.07,1525.25,1519.85,1519.87,3039
ICICIBANK,15,09:26:00,1519.87,1520.64,1513.74,1515.90,1266
ICICIBANK,15,09:26:10,1515.90,1518.09,1512.88,1514.54,4897
ICICIBANK,15,09:26:20,1514.54,1514.81,1511.70,1513.52,4830
ICICIBANK,15,09:26:30,1513.52,1514.16,1511.31,1511.57,2105
ICICIBANK,15,09:26:40,1511.57,1512.82,1509.57,1511.55,3258
ICICIBANK,15,09:26:50,1511.55,1514.36,1511.31,1512.29,1254
ICICIBANK,16,09:15:00,1416.46,1419.50,1415.04,1417.13,3505
ICICIBANK,16,09:15:10,1417.13,1418.36,1413.99,1415.38,4089
ICICIBANK,16,09:15:20,1415.38,1416.75,1413.16,1415.28,3471
ICICIBANK,16,09:15:30,1415.28,1420.59,1413.45,1419.94,1548
ICICIBANK,16,09:15:40,1419.94,1427.03,1419.24,1424.76,1925
ICICIBANK,16,09:15:50,1424.76,1428.56,1422.85,1426.25,4112
ICICIBANK,16,09:16:00,1426.25,1427.83,1424.85,1426.18,1296
ICICIBANK,16,09:16:10,1426.18,1430.70,1426.02,1428.58,1814
ICICIBANK,16,09:16:20,1428.58,1430.25,1423.66,1425.30,2248
ICICIBANK,16,09:16:30,1425.30,1425.94,1422.69,1424.23,4439
ICICIBANK,16,09:16:40,1424.23,1424.59,1418.59,1418.75,4936
ICICIBANK,16,09:16:50,1418.75,1419.12,1411.88,1414.15,845
ICICIBANK,16,09:17:00,1414.15,1415.10,1412.14,1413.49,4397
ICICIBANK,16,09:17:10,1413.49,1415.44,1412.15,1415.33,2968
ICICIBANK,16,09:17:20,1415.33,1416.23,1410.79,1411.97,2648
ICICIBANK,16,09:17:30,1411.97,1414.75,1410.80,1413.12,4167
ICICIBANK,16,09:17:40,1413.12,1417.68,1412.34,1415.97,1795
ICICIBANK,16,09:17:50,1415.97,1422.31,1415.16,1420.35,1039
ICICIBANK,16,09:18:00,1420.35,1424.99,1420.15,1423.91,4545
ICICIBANK,16,09:18:10,1423.91,1426.32,1420.31,1422.09,848
ICICIBANK,16,09:18:20,1422.09,1423.21,1414.97,1416.15,2851
ICICIBANK,16,09:18:30,1416.15,1416.86,1411.38,1412.30,4540
ICICIBANK,16,09:18:40,1412.30,1413.62,1410.47,1411.54,4758
ICICIBANK,16,09:18:50,1411.54,1411.66,1410.26,1411.33,1875
ICICIBANK,16,09:19:00,1411.33,1415.10,1410.93,1413.59,2248
ICICIBANK,16,09:19:10,1413.59,1414.81,1412.12,1414.22,1761
ICICIBANK,16,09:19:20,1414.22,1414.25,1409.74,1411.33,2037
ICICIBANK,16,09:19:30,1411.33,1411.73,1404.28,1406.66,3778
ICICIBANK,16,09:19:40,1406.66,1409.46,1406.17,1408.13,4599
ICICIBANK,16,09:19:50,1408.13,1413.77,1406.41,1413.07,1637
ICICIBANK,16,09:20:00,1413.07,1414.99,1408.25,1409.11,2992
ICICIBANK,16,09:20:10,1409.11,1414.53,1407.54,1412.81,4003
ICICIBANK,16,09:20:20,1412.81,1416.02,1410.34,1413.90,1039
ICICIBANK,16,09:20:30,1413.90,1415.58,1408.58,1408.99,4117
ICICIBANK,16,09:20:40,1408.99,1412.71,1408.45,1412.56,1586
ICICIBANK,16,09:20:50,1412.56,1417.62,1411.21,1415.48,2018
ICICIBANK,16,09:21:00,1415.48,1417.53,1413.67,1413.77,1372
ICICIBANK,16,09:21:10,1413.77,1420.15,1413.35,1417.97,1187
ICICIBANK,16,09:21:20,1417.97,1421.78,1417.36,1420.79,1310
ICICIBANK,16,09:21:30,1420.79,1421.72,1416.66,1417.51,3681
ICICIBANK,16,09:21:40,1417.51,1423.68,1416.71,1422.13,4006
ICICIBANK,16,09:21:50,1422.13,1423.07,1421.19,1421.38,4186
ICICIBANK,16,09:22:00,1421.38,1422.82,1415.01,1417.20,3644
ICICIBANK,16,09:22:10,1417.20,1418.70,1415.02,1417.70,2379
ICICIBANK,16,09:22:20,1417.70,1420.17,1416.00,1416.33,3747
ICICIBANK,16,09:22:30,1416.33,1418.49,1411.97,1413.26,2340
ICICIBANK,16,09:22:40,1413.26,1420.39,1411.71,1418.37,2256
ICICIBANK,16,09:22:50,1418.37,1419.06,1416.17,1416.28,960
ICICIBANK,16,09:23:00,1416.28,1416.95,1413.40,1414.93,4593
ICICIBANK,16,09:23:10,1414.93,1420.82,1412.66,1418.76,4879
ICICIBANK,16,09:23:20,1418.76,1425.74,1417.42,1423.70,2439
ICICIBANK,16,09:23:30,1423.70,1426.05,1423.41,1425.33,1258
ICICIBANK,16,09:23:40,1425.33,1432.72,1424.24,1431.12,3442
ICICIBANK,16,09:23:50,1431.12,1432.88,1428.64,1431.60,2773
ICICIBANK,16,09:24:00,1431.60,1437.70,1429.62,1435.82,2695
ICICIBANK,16,09:24:10,1435.82,1443.16,1435.12,1441.27,1307
ICICIBANK,16,09:24:20,1441.27,1443.30,1435.88,1437.97,4192
ICICIBANK,16,09:24:30,1437.97,1439.31,1430.25,1431.99,4867
ICICIBANK,16,09:24:40,1431.99,1437.60,1430.58,1436.64,2806
ICICIBANK,16,09:24:50,1436.64,1438.20,1436.27,1436.28,3115
ICICIBANK,16,09:25:00,1436.28,1437.81,1435.77,1435.89,3379
ICICIBANK,16,09:25:10,1435.89,1440.92,1435.75,1438.87,4649
ICICIBANK,16,09:25:20,1438.87,1440.09,1431.72,1433.04,993
ICICIBANK,16,09:25:30,1433.04,1434.18,1428.30,1428.96,1730
ICICIBANK,16,09:25:40,1428.96,1434.94,1426.60,1434.93,1191
ICICIBANK,16,09:25:50,1434.93,1436.51,1432.66,1432.78,1768
ICICIBANK,16,09:26:00,1432.78,1438.89,1430.40,1437.52,4821
ICICIBANK,16,09:26:10,1437.52,1438.73,1433.21,1435.46,4961
ICICIBANK,16,09:26:20,1435.46,1440.11,1435.01,1438.76,3318
ICICIBANK,16,09:26:30,1438.76,1439.16,1432.64,1433.05,3466
ICICIBANK,16,09:26:40,1433.05,1437.57,1432.19,1436.46,2632
ICICIBANK,16,09:26:50,1436.46,1437.39,1432.32,1432.67,3755
ICICIBANK,17,09:15:00,1221.70,1228.05,1221.41,1225.80,3499
ICICIBANK,17,09:15:10,1225.80,1226.98,1221.46,1221.69,4385
ICICIBANK,17,09:15:20,1221.69,1223.51,1219.79,1222.32,3630
ICICIBANK,17,09:15:30,1222.32,1223.23,1215.96,1216.48,1786
ICICIBANK,17,09:15:40,1216.48,1222.60,1216.27,1221.01,1000
ICICIBANK,17,09:15:50,1221.01,1221.24,1218.59,1219.32,1841
ICICIBANK,17,09:16:00,1219.32,1221.10,1211.52,1213.58,4835
ICICIBANK,17,09:16:10,1213.58,1215.90,1208.24,1210.68,3861
ICICIBANK,17,09:16:20,1210.68,1211.75,1203.99,1205.50,2543
ICICIBANK,17,09:16:30,1205.50,1207.42,1200.91,1202.09,1991
ICICIBANK,17,09:16:40,1202.09,1206.46,1200.66,1205.51,2972
ICICIBANK,17,09:16:50,1205.51,1206.78,1202.79,1204.88,2463
ICICIBANK,17,09:17:00,1204.88,1207.22,1197.70,1199.39,2259
ICICIBANK,17,09:17:10,1199.39,1205.10,1198.45,1203.60,1219
ICICIBANK,17,09:17:20,1203.60,1204.09,1199.97,1202.00,4395
ICICIBANK,17,09:17:30,1202.00,1202.75,1194.94,1196.97,1808
ICICIBANK,17,09:17:40,1196.97,1197.48,1191.30,1193.41,1509
ICICIBANK,17,09:17:50,1193.41,1194.20,1186.59,1189.06,1369
ICICIBANK,17,09:18:00,1189.06,1192.10,1188.08,1189.87,3152
ICICIBANK,17,09:18:10,1189.87,1195.38,1189.35,1194.30,4302
ICICIBANK,17,09:18:20,1194.30,1196.04,1192.29,1192.50,3308
ICICIBANK,17,09:18:30,1192.50,1199.74,1190.77,1197.32,3093
ICICIBANK,17,09:18:40,1197.32,1198.37,1193.89,1195.79,3815
ICICIBANK,17,09:18:50,1195.79,1197.15,1189.37,1190.17,1691
ICICIBANK,17,09:19:00,1190.17,1196.12,1189.59,1195.16,1683
ICICIBANK,17,09:19:10,1195.16,1197.12,1193.72,1195.57,4165
ICICIBANK,17,09:19:20,1195.57,1199.55,1193.89,1198.95,1179
ICICIBANK,17,09:19:30,1198.95,1198.97,1194.10,1194.49,2521
ICICIBANK,17,09:19:40,1194.49,1195.05,1190.08,1191.38,2760
ICICIBANK,17,09:19:50,1191.38,1192.80,1186.61,1186.62,1989
ICICIBANK,17,09:20:00,1186.62,1188.15,1182.73,1184.52,2057
ICICIBANK,17,09:20:10,1184.52,1185.16,1184.40,1184.46,3342
ICICIBANK,17,09:20:20,1184.46,1186.55,1179.11,1181.40,3909
ICICIBANK,17,09:20:30,1181.40,1182.16,1180.45,1180.55,4893
ICICIBANK,17,09:20:40,1180.55,1183.35,1178.70,1182.38,4601
ICICIBANK,17,09:20:50,1182.38,1184.21,1178.64,1180.15,4294
ICICIBANK,17,09:21:00,1180.15,1181.41,1175.69,1176.58,4777
ICICIBANK,17,09:21:10,1176.58,1176.73,1171.52,1172.90,2006
ICICIBANK,17,09:21:20,1172.90,1175.11,1169.21,1169.32,4571
ICICIBANK,17,09:21:30,1169.32,1170.84,1161.19,1163.67,2190
ICICIBANK,17,09:21:40,1163.67,1164.92,1159.63,1161.21,4623
ICICIBANK,17,09:21:50,1161.21,1162.52,1157.25,1159.55,1935
ICICIBANK,17,09:22:00,1159.55,1160.96,1153.15,1154.80,4191
ICICIBANK,17,09:22:10,1154.80,1159.89,1153.49,1158.88,2224
ICICIBANK,17,09:22:20,1158.88,1160.57,1156.68,1158.94,3972
ICICIBANK,17,09:22:30,1158.94,1159.89,1150.87,1153.08,4068
ICICIBANK,17,09:22:40,1153.08,1158.58,1150.81,1157.32,1318
ICICIBANK,17,09:22:50,1157.32,1162.22,1155.85,1161.82,3352
ICICIBANK,17,09:23:00,1161.82,1164.96,1161.39,1164.55,2981
ICICIBANK,17,09:23:10,1164.55,1165.81,1163.02,1163.08,1415
ICICIBANK,17,09:23:20,1163.08,1166.70,1162.68,1165.21,3138
ICICIBANK,17,09:23:30,1165.21,1166.74,1158.45,1160.42,4427
ICICIBANK,17,09:23:40,1160.42,1160.73,1153.12,1154.52,2537
ICICIBANK,17,09:23:50,1154.52,1156.33,1150.15,1151.69,3632
ICICIBANK,17,09:24:00,1151.69,1156.96,1149.42,1156.31,4535
ICICIBANK,17,09:24:10,1156.31,1157.04,1154.26,1156.92,3025
ICICIBANK,17,09:24:20,1156.92,1163.03,1156.44,1161.69,4211
ICICIBANK,17,09:24:30,1161.69,1167.29,1160.75,1166.49,4550
ICICIBANK,17,09:24:40,1166.49,1173.07,1165.53,1171.48,2297
ICICIBANK,17,09:24:50,1171.48,1171.66,1164.19,1166.68,1042
ICICIBANK,17,09:25:00,1166.68,1167.74,1163.93,1165.75,3238
ICICIBANK,17,09:25:10,1165.75,1168.06,1158.91,1160.43,4703
ICICIBANK,17,09:25:20,1160.43,1162.81,1158.83,1162.05,4885
ICICIBANK,17,09:25:30,1162.05,1164.77,1160.29,1164.75,4446
ICICIBANK,17,09:25:40,1164.75,1167.34,1163.14,1165.04,3539
ICICIBANK,17,09:25:50,1165.04,1169.61,1163.94,1167.51,1838
ICICIBANK,17,09:26:00,1167.51,1169.70,1165.21,1166.53,4867
ICICIBANK,17,09:26:10,1166.53,1169.01,1160.61,1160.81,3421
ICICIBANK,17,09:26:20,1160.81,1163.18,1160.40,1160.65,4401
ICICIBANK,17,09:26:30,1160.65,1160.84,1155.00,1157.05,1778
ICICIBANK,17,09:26:40,1157.05,1162.81,1156.08,1161.14,1926
ICICIBANK,17,09:26:50,1161.14,1162.62,1157.69,1158.38,2864
ICICIBANK,18,09:15:00,1322.45,1327.71,1321.09,1326.47,4482
ICICIBANK,18,09:15:10,1326.47,1328.49,1322.30,1323.18,4712
ICICIBANK,18,09:15:20,1323.18,1323.52,1320.77,1322.09,914
ICICIBANK,18,09:15:30,1322.09,1328.25,1321.40,1327.15,4084
ICICIBANK,18,09:15:40,1327.15,1327.18,1323.89,1324.18,4422
ICICIBANK,18,09:15:50,1324.18,1325.20,1322.61,1323.57,1757
ICICIBANK,18,09:16:00,1323.57,1326.51,1322.29,1324.77,3393
ICICIBANK,18,09:16:10,1324.77,1329.74,1324.46,1328.88,3614
ICICIBANK,18,09:16:20,1328.88,1331.60,1328.22,1330.85,4256
ICICIBANK,18,09:16:30,1330.85,1331.28,1329.22,1329.67,1249
ICICIBANK,18,09:16:40,1329.67,1336.00,1327.21,1335.60,4240
ICICIBANK,18,09:16:50,1335.60,1336.28,1334.18,1335.26,992
ICICIBANK,18,09:17:00,1335.26,1337.74,1329.80,1330.45,2665
ICICIBANK,18,09:17:10,1330.45,1331.75,1328.14,1330.65,2711
ICICIBANK,18,09:17:20,1330.65,1333.01,1329.34,1331.34,2738
ICICIBANK,18,09:17:30,1331.34,1334.74,1329.25,1332.73,3997
ICICIBANK,18,09:17:40,1332.73,1333.63,1326.18,1328.38,4266
ICICIBANK,18,09:17:50,1328.38,1332.02,1327.92,1330.17,4177
ICICIBANK,18,09:18:00,1330.17,1337.35,1330.02,1334.90,3752
ICICIBANK,18,09:18:10,1334.90,1336.14,1332.11,1333.71,1224
ICICIBANK,18,09:18:20,1333.71,1335.21,1332.49,1334.43,1448
ICICIBANK,18,09:18:30,1334.43,1338.98,1332.98,1336.90,4162
ICICIBANK,18,09:18:40,1336.90,1337.48,1331.73,1332.65,4066
ICICIBANK,18,09:18:50,1332.65,1334.47,1326.65,1327.03,4305
ICICIBANK,18,09:19:00,1327.03,1327.74,1325.00,1325.98,1097
ICICIBANK,18,09:19:10,1325.98,1328.09,1325.27,1327.00,1097
ICICIBANK,18,09:19:20,1327.00,1329.94,1326.99,1327.80,1671
ICICIBANK,18,09:19:30,1327.80,1328.69,1325.29,1326.96,3446
ICICIBANK,18,09:19:40,1326.96,1329.31,1322.33,1324.66,2836
ICICIBANK,18,09:19:50,1324.66,1324.90,1316.92,1319.13,3001
ICICIBANK,18,09:20:00,1319.13,1323.71,1317.29,1323.38,4821
ICICIBANK,18,09:20:10,1323.38,1328.26,1321.75,1326.11,2080
ICICIBANK,18,09:20:20,1326.11,1329.77,1324.49,1329.76,2281
ICICIBANK,18,09:20:30,1329.76,1333.94,1328.10,1333.62,4948
ICICIBANK,18,09:20:40,1333.62,1339.97,1331.29,1338.82,2417
ICICIBANK,18,09:20:50,1338.82,1340.76,1333.00,1333.50,1692
ICICIBANK,18,09:21:00,1333.50,1334.49,1330.39,1332.44,4075
ICICIBANK,18,09:21:10,1332.44,1333.54,1330.57,1333.27,1284
ICICIBANK,18,09:21:20,1333.27,1336.50,1332.26,1334.80,1338
ICICIBANK,18,09:21:30,1334.80,1341.21,1334.57,1339.18,2871
ICICIBANK,18,09:21:40,1339.18,1339.54,1333.10,1333.19,983
ICICIBANK,18,09:21:50,1333.19,1333.63,1329.63,1332.07,4244
ICICIBANK,18,09:22:00,1332.07,1337.61,1331.30,1336.97,3311
ICICIBANK,18,09:22:10,1336.97,1341.16,1336.62,1340.12,4331
ICICIBANK,18,09:22:20,1340.12,1344.49,1339.97,1342.21,3420
ICICIBANK,18,09:22:30,1342.21,1348.60,1339.99,1347.89,2957
ICICIBANK,18,09:22:40,1347.89,1350.38,1342.80,1342.84,4964
ICICIBANK,18,09:22:50,1342.84,1344.27,1340.45,1341.33,4883
ICICIBANK,18,09:23:00,1341.33,1342.83,1337.20,1339.45,4843
ICICIBANK,18,09:23:10,1339.45,1345.93,1337.60,1344.53,1286
ICICIBANK,18,09:23:20,1344.53,1344.70,1340.79,1341.65,3447
ICICIBANK,18,09:23:30,1341.65,1343.62,1336.29,1337.61,2149
ICICIBANK,18,09:23:40,1337.61,1340.89,1335.46,1340.77,4071
ICICIBANK,18,09:23:50,1340.77,1346.53,1340.19,1345.85,2816
ICICIBANK,18,09:24:00,1345.85,1349.87,1344.34,1347.38,4855
ICICIBANK,18,09:24:10,1347.38,1348.07,1345.26,1346.87,3153
ICICIBANK,18,09:24:20,1346.87,1348.81,1341.16,1343.60,3332
ICICIBANK,18,09:24:30,1343.60,1344.74,1340.67,1341.74,4886
ICICIBANK,18,09:24:40,1341.74,1345.89,1339.54,1344.06,1240
ICICIBANK,18,09:24:50,1344.06,1346.20,1340.42,1341.60,4522
ICICIBANK,18,09:25:00,1341.60,1343.19,1335.24,1337.15,3044
ICICIBANK,18,09:25:10,1337.15,1343.31,1335.18,1342.11,4977
ICICIBANK,18,09:25:20,1342.11,1344.05,1338.39,1338.65,883
ICICIBANK,18,09:25:30,1338.65,1340.22,1335.59,1337.57,1410
ICICIBANK,18,09:25:40,1337.57,1339.06,1330.72,1331.83,3188
ICICIBANK,18,09:25:50,1331.83,1332.26,1328.06,1329.33,2828
ICICIBANK,18,09:26:00,1329.33,1330.92,1323.79,1324.12,1854
ICICIBANK,18,09:26:10,1324.12,1325.21,1322.85,1324.15,4648
ICICIBANK,18,09:26:20,1324.15,1329.91,1321.85,1329.79,2274
ICICIBANK,18,09:26:30,1329.79,1331.27,1327.19,1327.20,3779
ICICIBANK,18,09:26:40,1327.20,1328.63,1326.61,1326.83,2938
ICICIBANK,18,09:26:50,1326.83,1328.53,1322.70,1323.58,3903
ICICIBANK,19,09:15:00,1387.20,1387.57,1380.68,1382.60,3149
ICICIBANK,19,09:15:10,1382.60,1383.27,1378.92,1379.06,4628
ICICIBANK,19,09:15:20,1379.06,1382.65,1379.01,1381.36,2573
ICICIBANK,19,09:15:30,1381.36,1383.19,1374.74,1376.21,3195
ICICIBANK,19,09:15:40,1376.21,1378.55,1371.73,1373.08,3007
ICICIBANK,19,09:15:50,1373.08,1378.91,1371.22,1377.36,2514
ICICIBANK,19,09:16:00,1377.36,1385.14,1377.05,1383.32,2139
ICICIBANK,19,09:16:10,1383.32,1383.57,1378.02,1378.20,4023
ICICIBANK,19,09:16:20,1378.20,1378.58,1373.47,1375.90,4985
ICICIBANK,19,09:16:30,1375.90,1376.54,1368.93,1370.85,4938
ICICIBANK,19,09:16:40,1370.85,1373.77,1369.26,1371.85,4533
ICICIBANK,19,09:16:50,1371.85,1372.00,1364.34,1366.47,4436
ICICIBANK,19,09:17:00,1366.47,1367.40,1359.16,1360.78,963
ICICIBANK,19,09:17:10,1360.78,1364.77,1359.81,1362.44,2580
ICICIBANK,19,09:17:20,1362.44,1363.45,1356.33,1358.66,2456
ICICIBANK,19,09:17:30,1358.66,1359.50,1353.84,1354.22,4863
ICICIBANK,19,09:17:40,1354.22,1355.63,1352.38,1355.50,1128
ICICIBANK,19,09:17:50,1355.50,1357.05,1353.30,1355.28,2779
ICICIBANK,19,09:18:00,1355.28,1357.59,1353.32,1354.57,3493
ICICIBANK,19,09:18:10,1354.57,1356.99,1350.05,1350.52,4360
ICICIBANK,19,09:18:20,1350.52,1355.04,1349.11,1354.55,1691
ICICIBANK,19,09:18:30,1354.55,1359.03,1353.86,1358.28,1681
ICICIBANK,19,09:18:40,1358.28,1364.70,1356.92,1362.68,2639
ICICIBANK,19,09:18:50,1362.68,1370.75,1361.55,1368.46,2058
ICICIBANK,19,09:19:00,1368.46,1369.79,1368.09,1368.79,946
ICICIBANK,19,09:19:10,1368.79,1370.80,1363.12,1364.00,3386
ICICIBANK,19,09:19:20,1364.00,1366.68,1363.58,1365.23,3127
ICICIBANK,19,09:19:30,1365.23,1367.24,1362.51,1364.59,4847
ICICIBANK,19,09:19:40,1364.59,1370.99,1363.76,1370.08,2634
ICICIBANK,19,09:19:50,1370.08,1370.60,1363.96,1366.40,4453
ICICIBANK,19,09:20:00,1366.40,1369.23,1366.22,1367.29,2546
ICICIBANK,19,09:20:10,1367.29,1371.03,1366.47,1368.98,3936
ICICIBANK,19,09:20:20,1368.98,1375.08,1367.93,1373.54,1576
ICICIBANK,19,09:20:30,1373.54,1378.80,1371.97,1377.85,1967
ICICIBANK,19,09:20:40,1377.85,1377.91,1373.15,1373.21,1155
ICICIBANK,19,09:20:50,1373.21,1374.53,1368.49,1369.26,3722
ICICIBANK,19,09:21:00,1369.26,1375.97,1367.59,1373.92,4601
ICICIBANK,19,09:21:10,1373.92,1373.93,1368.29,1368.59,1825
ICICIBANK,19,09:21:20,1368.59,1374.47,1366.35,1373.90,1237
ICICIBANK,19,09:21:30,1373.90,1380.36,1373.42,1378.40,822
ICICIBANK,19,09:21:40,1378.40,1378.94,1375.13,1376.37,3938
ICICIBANK,19,09:21:50,1376.37,1382.72,1374.54,1382.20,4631
ICICIBANK,19,09:22:00,1382.20,1386.07,1380.49,1383.81,4879
ICICIBANK,19,09:22:10,1383.81,1385.91,1380.29,1381.25,2334
ICICIBANK,19,09:22:20,1381.25,1383.53,1375.71,1377.40,4697
ICICIBANK,19,09:22:30,1377.40,1377.62,1373.34,1375.21,3650
ICICIBANK,19,09:22:40,1375.21,1375.86,1369.19,1371.17,4830
ICICIBANK,19,09:22:50,1371.17,1372.81,1365.67,1366.78,4454
ICICIBANK,19,09:23:00,1366.78,1369.84,1366.00,1368.01,3255
ICICIBANK,19,09:23:10,1368.01,1369.53,1363.00,1365.02,1742
ICICIBANK,19,09:23:20,1365.02,1367.56,1363.37,1366.15,3385
ICICIBANK,19,09:23:30,1366.15,1373.21,1363.71,1371.77,3948
ICICIBANK,19,09:23:40,1371.77,1372.43,1367.38,1367.88,3076
ICICIBANK,19,09:23:50,1367.88,1369.32,1359.63,1361.96,1955
ICICIBANK,19,09:24:00,1361.96,1366.28,1360.30,1365.16,3706
ICICIBANK,19,09:24:10,1365.16,1367.47,1362.90,1364.57,4191
ICICIBANK,19,09:24:20,1364.57,1364.92,1363.46,1364.90,3425
ICICIBANK,19,09:24:30,1364.90,1369.23,1364.51,1366.99,1526
ICICIBANK,19,09:24:40,1366.99,1369.04,1366.91,1368.75,2368
ICICIBANK,19,09:24:50,1368.75,1370.07,1362.69,1363.82,955
ICICIBANK,19,09:25:00,1363.82,1365.27,1362.86,1363.54,3857
ICICIBANK,19,09:25:10,1363.54,1365.92,1362.32,1362.52,4143
ICICIBANK,19,09:25:20,1362.52,1368.01,1360.80,1366.19,878
ICICIBANK,19,09:25:30,1366.19,1373.61,1366.05,1371.81,3014
ICICIBANK,19,09:25:40,1371.81,1374.30,1366.70,1368.63,808
ICICIBANK,19,09:25:50,1368.63,1375.45,1367.70,1374.47,4515
ICICIBANK,19,09:26:00,1374.47,1375.23,1372.09,1373.02,4034
ICICIBANK,19,09:26:10,1373.02,1374.16,1370.89,1371.37,1940
ICICIBANK,19,09:26:20,1371.37,1373.62,1368.93,1372.42,1484
ICICIBANK,19,09:26:30,1372.42,1376.44,1371.34,1375.60,3457
ICICIBANK,19,09:26:40,1375.60,1378.95,1373.59,1376.97,2044
ICICIBANK,19,09:26:50,1376.97,1377.11,1371.91,1373.87,4291
ICICIBANK,20,09:15:00,1693.18,1693.95,1688.19,1689.41,991
ICICIBANK,20,09:15:10,1689.41,1695.87,1687.31,1693.77,3539
ICICIBANK,20,09:15:20,1693.77,1695.86,1689.26,1690.41,903
ICICIBANK,20,09:15:30,1690.41,1692.35,1686.09,1688.28,2150
ICICIBANK,20,09:15:40,1688.28,1688.80,1687.05,1688.80,1375
ICICIBANK,20,09:15:50,1688.80,1692.50,1688.42,1690.42,2458
ICICIBANK,20,09:16:00,1690.42,1691.85,1683.54,1685.16,1712
ICICIBANK,20,09:16:10,1685.16,1685.30,1683.11,1683.38,1213
ICICIBANK,20,09:16:20,1683.38,1683.69,1681.06,1682.57,2604
ICICIBANK,20,09:16:30,1682.57,1684.74,1681.62,1681.77,1280
ICICIBANK,20,09:16:40,1681.77,1682.07,1677.36,1679.00,4644
ICICIBANK,20,09:16:50,1679.00,1680.07,1677.81,1678.31,3135
ICICIBANK,20,09:17:00,1678.31,1678.40,1674.94,1677.26,3972
ICICIBANK,20,09:17:10,1677.26,1680.71,1676.59,1679.34,4242
ICICIBANK,20,09:17:20,1679.34,1685.43,1678.97,1683.27,4988
ICICIBANK,20,09:17:30,1683.27,1684.55,1678.02,1679.90,3347
ICICIBANK,20,09:17:40,1679.90,1683.57,1678.49,1682.44,4965
ICICIBANK,20,09:17:50,1682.44,1687.70,1680.50,1687.32,4529
ICICIBANK,20,09:18:00,1687.32,1688.33,1684.17,1685.50,4008
ICICIBANK,20,09:18:10,1685.50,1687.03,1685.06,1685.95,2877
ICICIBANK,20,09:18:20,1685.95,1691.47,1684.21,1691.00,900
ICICIBANK,20,09:18:30,1691.00,1697.83,1689.57,1695.47,4406
ICICIBANK,20,09:18:40,1695.47,1696.28,1689.03,1690.25,3527
ICICIBANK,20,09:18:50,1690.25,1692.22,1689.96,1691.33,2392
ICICIBANK,20,09:19:00,1691.33,1697.56,1690.79,1695.56,4505
ICICIBANK,20,09:19:10,1695.56,1701.67,1695.34,1699.85,3483
ICICIBANK,20,09:19:20,1699.85,1701.77,1697.13,1698.44,1341
ICICIBANK,20,09:19:30,1698.44,1699.78,1693.49,1695.76,2295
ICICIBANK,20,09:19:40,1695.76,1703.01,1694.75,1701.13,1775
ICICIBANK,20,09:19:50,1701.13,1703.94,1700.08,1702.82,3471
ICICIBANK,20,09:20:00,1702.82,1703.51,1695.89,1697.49,2574
ICICIBANK,20,09:20:10,1697.49,1700.35,1696.06,1699.42,2731
ICICIBANK,20,09:20:20,1699.42,1700.76,1697.06,1699.05,1767
ICICIBANK,20,09:20:30,1699.05,1705.71,1698.89,1703.63,1670
ICICIBANK,20,09:20:40,1703.63,1703.97,1703.03,1703.78,991
ICICIBANK,20,09:20:50,1703.78,1706.04,1696.61,1698.10,3289
ICICIBANK,20,09:21:00,1698.10,1698.86,1695.79,1697.29,1291
ICICIBANK,20,09:21:10,1697.29,1702.23,1695.92,1700.53,3491
ICICIBANK,20,09:21:20,1700.53,1702.43,1694.16,1695.70,2075
ICICIBANK,20,09:21:30,1695.70,1697.12,1695.41,1695.64,1395
ICICIBANK,20,09:21:40,1695.64,1698.82,1694.55,1697.11,1245
ICICIBANK,20,09:21:50,1697.11,1698.36,1688.88,1691.36,1209
ICICIBANK,20,09:22:00,1691.36,1695.11,1690.05,1693.04,3187
ICICIBANK,20,09:22:10,1693.04,1693.25,1688.50,1690.74,4295
ICICIBANK,20,09:22:20,1690.74,1696.17,1690.49,1695.20,4622
ICICIBANK,20,09:22:30,1695.20,1699.50,1694.50,1697.42,816
ICICIBANK,20,09:22:40,1697.42,1699.58,1696.20,1696.33,1044
ICICIBANK,20,09:22:50,1696.33,1697.62,1691.99,1694.43,2058
ICICIBANK,20,09:23:00,1694.43,1696.13,1691.16,1691.80,4729
ICICIBANK,20,09:23:10,1691.80,1693.51,1689.17,1691.61,3440
ICICIBANK,20,09:23:20,1691.61,1694.47,1689.11,1694.03,1074
ICICIBANK,20,09:23:30,1694.03,1694.52,1689.88,1690.80,4188
ICICIBANK,20,09:23:40,1690.80,1691.66,1684.51,1685.90,4365
ICICIBANK,20,09:23:50,1685.90,1686.28,1681.27,1682.04,3288
ICICIBANK,20,09:24:00,1682.04,1684.82,1681.38,1683.64,1623
ICICIBANK,20,09:24:10,1683.64,1686.44,1681.54,1684.96,4945
ICICIBANK,20,09:24:20,1684.96,1690.60,1684.06,1690.15,1110
ICICIBANK,20,09:24:30,1690.15,1690.49,1682.99,1685.14,4105
ICICIBANK,20,09:24:40,1685.14,1685.80,1680.38,1681.93,1896
ICICIBANK,20,09:24:50,1681.93,1688.84,1680.05,1687.73,4678
ICICIBANK,20,09:25:00,1687.73,1688.55,1681.63,1682.39,2155
ICICIBANK,20,09:25:10,1682.39,1682.82,1679.92,1681.46,3752
ICICIBANK,20,09:25:20,1681.46,1685.02,1679.73,1684.36,2897
ICICIBANK,20,09:25:30,1684.36,1685.27,1683.76,1684.82,834
ICICIBANK,20,09:25:40,1684.82,1685.60,1678.08,1680.22,4709
ICICIBANK,20,09:25:50,1680.22,1680.92,1678.84,1679.09,3836
ICICIBANK,20,09:26:00,1679.09,1683.79,1677.53,1683.53,3769
ICICIBANK,20,09:26:10,1683.53,1691.34,1682.91,1689.32,2477
ICICIBANK,20,09:26:20,1689.32,1689.36,1687.07,1688.97,4854
ICICIBANK,20,09:26:30,1688.97,1690.13,1683.63,1685.88,3419
ICICIBANK,20,09:26:40,1685.88,1688.33,1681.12,1681.67,3083
ICICIBANK,20,09:26:50,1681.67,1683.42,1678.25,1678.49,2475
